orig_image_name,label
MIDRC-RICORD-1C-419639-002773-33746-0.png,1
COVID(224).png,4
COVID(364).png,5
MIDRC-RICORD-1C-419639-002079-90573-0.png,3
COVID(924).png,2
COVID(13).png,2
nejmoa2001191_f1-PA.jpeg,1
MIDRC-RICORD-1C-419639-000771-34252-0.png,2
MIDRC-RICORD-1C-419639-003013-42080-0.png,3
MIDRC-RICORD-1C-419639-001122-32326-0.png,2
MIDRC-RICORD-1C-440808-000004-08.19-0.png,2
COVID(575).png,1
MIDRC-RICORD-1C-419639-002884-99317-0.png,3
COVID(750).png,2
MIDRC-RICORD-1C-419639-003154-73840-0.png,1
MIDRC-RICORD-1C-419639-000331-39281-0.png,1
COVID(189).png,2
MIDRC-RICORD-1C-419639-002798-64618-0.png,3
COVID(585).png,2
COVID(715).png,4
COVID(903).png,2
COVID(783).png,2
COVID(345).png,3
MIDRC-RICORD-1C-419639-003112-56119-0.png,3
MIDRC-RICORD-1C-419639-000484-86694-0.png,4
MIDRC-RICORD-1C-SITE2-000248-98712-0.png,2
COVID(579).png,1
covid-19-pneumonia-24-day6.jpg,2
MIDRC-RICORD-1C-419639-003307-62875-1.png,3
COVID(841).png,2
MIDRC-RICORD-1C-419639-001336-76924-1.png,2
11547_2020_1203_Fig1_HTML-c.png,2
COVID(167).png,3
MIDRC-RICORD-1C-419639-001336-69627-0.png,4
COVID(186).png,3
COVID(527).png,0
MIDRC-RICORD-1C-SITE2-000269-67549-0.png,2
3c48faa5dc2f1540fda696bae045ba_jumbo.jpeg,1
COVID(245).png,2
extubation-4.jpg,3
CR.1.2.840.113564.1722810170.20200327154027828590.1003000225002.png,4
MIDRC-RICORD-1C-SITE2-000199-45945-0.png,1
MIDRC-RICORD-1C-SITE2-000112-86965-0.png,2
MIDRC-RICORD-1C-419639-003013-88049-1.png,2
COVID(782).png,2
MIDRC-RICORD-1C-SITE2-000241-70367-0.png,1
MIDRC-RICORD-1C-419639-001214-46973-0.png,3
MIDRC-RICORD-1C-SITE2-000052-92077-0.png,3
MIDRC-RICORD-1C-419639-001646-15061-0.png,2
COVID(762).png,2
1-s2.0-S0196070920301691-gr3_lrg.jpg,4
MIDRC-RICORD-1C-SITE2-000061-61434-0.png,2
COVID(927).png,2
MIDRC-RICORD-1C-419639-000771-25636-0.png,1
MIDRC-RICORD-1C-419639-001021-34024-0.png,3
lancet-case2b.jpg,4
COVID(650).png,1
COVID(610).png,1
MIDRC-RICORD-1C-419639-002079-28098-1.png,2
ciaa199.pdf-001-b.png,0
COVID(657).png,1
COVID(210).png,0
MIDRC-RICORD-1C-419639-003112-56119-1.png,3
COVID(237).png,2
MIDRC-RICORD-1C-419639-002825-85192-0.png,1
MIDRC-RICORD-1C-SITE2-000137-44937-0.png,2
1-s2.0-S1931312820301852-gr1_lrg-a.png,2
covid-19-pneumonia-14-PA.png,1
COVID(247).png,4
COVID(907).png,3
MIDRC-RICORD-1C-SITE2-000163-65449-0.png,2
MIDRC-RICORD-1C-SITE2-000254-54684-0.png,4
MIDRC-RICORD-1C-SITE2-000082-76500-0.png,3
MIDRC-RICORD-1C-419639-001214-88068-0.png,4
COVID(881).png,3
MIDRC-RICORD-1C-419639-000758-93895-0.png,2
MIDRC-RICORD-1C-419639-001122-48791-0.png,2
MIDRC-RICORD-1C-419639-003302-48061-1.png,3
COVID-00018.jpg,0
COVID(160).png,4
MIDRC-RICORD-1C-SITE2-000085-83466-1.png,4
COVID(290).png,4
COVID(294).png,1
MIDRC-RICORD-1C-419639-001122-08120-0.png,2
COVID(196).png,1
MIDRC-RICORD-1C-419639-003013-83633-0.png,3
MIDRC-RICORD-1C-SITE2-000177-12711-0.png,1
10.1016-slash-j.cardfail.2020.04.007-b.png,2
covid-19-pneumonia-58-day-9.jpg,4
2eadbbb367a0366d8c34350d083a83_jumbo.jpeg,4
COVID(474).png,1
COVID(432).png,1
MIDRC-RICORD-1C-SITE2-000107-80284-0.png,2
MIDRC-RICORD-1C-440808-000005-8.244-0.png,3
MIDRC-RICORD-1C-SITE2-000241-15545-0.png,3
COVID(768).png,3
COVID(452).png,2
MIDRC-RICORD-1C-419639-002884-13325-0.png,3
COVID(136).png,3
1.CXRCTThoraximagesofCOVID-19fromSingapore.pdf-000-fig1a.png,1
MIDRC-RICORD-1C-SITE2-000252-13708-0.png,1
COVID(906).png,1
COVID(743).png,3
COVID(420).png,2
COVID(822).png,3
COVID(418).png,4
COVID(58).png,4
COVID(952).png,1
MIDRC-RICORD-1C-SITE2-000268-84734-0.png,3
MIDRC-RICORD-1C-440808-000018-8.424-0.png,4
COVID(212).png,1
COVID(383).png,3
MIDRC-RICORD-1C-419639-001446-25559-0.png,1
covid-19-pneumonia-2.jpg,1
COVID(627).png,1
MIDRC-RICORD-1C-419639-003013-66797-2.png,2
MIDRC-RICORD-1C-419639-003029-48005-0.png,1
COVID(238).png,1
MIDRC-RICORD-1C-419639-002798-34378-0.png,2
MIDRC-RICORD-1C-419639-000214-19164-0.png,2
COVID(79).png,5
MIDRC-RICORD-1C-419639-001214-48150-0.png,2
COVID(709).png,3
COVID(149).png,3
COVID(694).png,2
COVID(356).png,2
COVID(322).png,3
MIDRC-RICORD-1C-419639-001012-56926-1.png,2
COVID(4).png,3
COVID(27).png,4
COVID(323).png,3
MIDRC-RICORD-1C-419639-003220-05014-1.png,2
COVID(752).png,3
gr1_lrg-a.jpg,2
68_2020_1364_Fig1_HTML-a.png,2
MIDRC-RICORD-1C-419639-000331-05011-0.png,2
COVID(102).png,4
COVID(264).png,3
MIDRC-RICORD-1C-419639-000331-70020-0.png,3
MIDRC-RICORD-1C-SITE2-000247-48957-0.png,3
COVID(101).png,1
COVID(700).png,2
MIDRC-RICORD-1C-419639-001285-78358-0.png,3
COVID(191).png,3
MIDRC-RICORD-1C-440808-000017-8.325-0.png,3
article_river_e4d185c06e3511eaa2321d8ab357a1de-c1mn.png,2
COVID(138).png,2
MIDRC-RICORD-1C-419639-001012-18323-0.png,3
MIDRC-RICORD-1C-440808-000014-8.345-0.png,3
COVID-00015a.png,1
COVID(639).png,1
COVID(457).png,1
COVID(317).png,2
COVID(877).png,2
COVID(940).png,1
MIDRC-RICORD-1C-SITE2-000251-01666-0.png,2
MIDRC-RICORD-1C-SITE2-000196-49001-0.png,1
MIDRC-RICORD-1C-419639-000771-54827-0.png,2
MIDRC-RICORD-1C-SITE2-000253-24698-0.png,1
covid-19-pneumonia-progression-and-regression-day6.jpg,3
MIDRC-RICORD-1C-419639-001021-41534-1.png,3
MIDRC-RICORD-1C-419639-002972-23173-0.png,3
MIDRC-RICORD-1C-SITE2-000199-31568-0.png,1
MIDRC-RICORD-1C-SITE2-000254-17761-0.png,4
MIDRC-RICORD-1C-419639-001021-70737-1.png,2
MIDRC-RICORD-1C-440808-000018-8.461-0.png,3
MIDRC-RICORD-1C-SITE2-000199-24703-0.png,2
MIDRC-RICORD-1C-SITE2-000216-94016-0.png,3
COVID(516).png,1
lancet-case2a.jpg,2
MIDRC-RICORD-1C-SITE2-000123-77283-0.png,2
MIDRC-RICORD-1C-419639-001336-67327-0.png,2
MIDRC-RICORD-1C-419639-003013-66797-0.png,3
MIDRC-RICORD-1C-SITE2-000047-43639-0.png,1
MIDRC-RICORD-1C-SITE2-000256-41172-0.png,3
1-s2.0-S0085253820303616-gr1_lrg-b.png,1
MIDRC-RICORD-1C-419639-001214-05111-1.png,2
COVID(788).png,2
COVID(74).png,2
1141cc2b8b9cc394becce5d978b5a7_jumbo.jpeg,3
MIDRC-RICORD-1C-SITE2-000163-34110-0.png,1
MIDRC-RICORD-1C-440808-000012-8.235-0.png,3
MIDRC-RICORD-1C-SITE2-000254-54684-1.png,3
COVID(636).png,3
MIDRC-RICORD-1C-SITE2-000190-19302-0.png,2
1.CXRCTThoraximagesofCOVID-19fromSingapore.pdf-003-fig4a.png,2
MIDRC-RICORD-1C-419639-000800-36774-0.png,2
MIDRC-RICORD-1C-419639-003013-92180-2.png,4
COVID(180).png,1
COVID(127).png,0
MIDRC-RICORD-1C-419639-000758-98256-0.png,2
10.1016-slash-j.hrcr.2020.04.015-b.png,2
COVID(578).png,2
COVID(495).png,3
MIDRC-RICORD-1C-SITE2-000172-38954-0.png,2
post-intubuation-pneumomediastium-and-pneumothorax-background-covid-19-pneumonia-day1.jpg,1
MIDRC-RICORD-1C-SITE2-000224-57902-0.png,1
COVID(730).png,4
COVID(354).png,2
MIDRC-RICORD-1C-419639-000800-27114-0.png,2
MIDRC-RICORD-1C-419639-000613-26607-0.png,2
MIDRC-RICORD-1C-SITE2-000252-71453-0.png,2
MIDRC-RICORD-1C-419639-000906-82807-0.png,2
COVID(111).png,4
MIDRC-RICORD-1C-SITE2-000269-98564-0.png,2
COVID(151).png,2
MIDRC-RICORD-1C-419639-000800-41397-0.png,2
COVID(327).png,3
COVID(437).png,2
MIDRC-RICORD-1C-440808-000018-8.464-0.png,3
COVID(706).png,2
COVID(885).png,2
MIDRC-RICORD-1C-419639-002884-47300-0.png,3
MIDRC-RICORD-1C-419639-000800-10878-0.png,2
DX.1.2.840.113564.1722810162.20200327160432430120.1203801020003.png,2
MIDRC-RICORD-1C-419639-003302-96347-0.png,2
MIDRC-RICORD-1C-419639-001686-47369-0.png,2
COVID(348).png,3
MIDRC-RICORD-1C-419639-003087-04860-1.png,1
MIDRC-RICORD-1C-419639-001094-24082-0.png,3
COVID(573).png,2
MIDRC-RICORD-1C-419639-003013-83540-0.png,2
COVID(448).png,0
radiol.2020201160.fig3c.jpeg,1
MIDRC-RICORD-1C-419639-003013-21691-0.png,2
MIDRC-RICORD-1C-419639-000906-35468-0.png,2
MIDRC-RICORD-1C-SITE2-000025-83262-0.png,2
COVID(669).png,2
MIDRC-RICORD-1C-419639-000906-14379-1.png,2
MIDRC-RICORD-1C-419639-003220-05014-0.png,2
MIDRC-RICORD-1C-419639-001021-91778-0.png,2
COVID(329).png,3
MIDRC-RICORD-1C-SITE2-000052-51315-0.png,2
10.1016-slash-j.anl.2020.04.002-c.png,3
COVID(203).png,2
MIDRC-RICORD-1C-SITE2-000139-03122-0.png,3
COVID(450).png,1
COVID(880).png,1
MIDRC-RICORD-1C-419639-001122-51290-0.png,2
radiol.2020200490.fig3.jpeg,2
COVID(412).png,2
COVID(793).png,3
MIDRC-RICORD-1C-SITE2-000190-46535-0.png,1
COVID(790).png,3
11547_2020_1203_Fig2_HTML-a.png,1
10.1016-slash-j.chest.2020.04.024.png,3
MIDRC-RICORD-1C-419639-001012-18323-1.png,3
MIDRC-RICORD-1C-419639-001021-78754-0.png,2
COVID(441).png,3
MIDRC-RICORD-1C-440808-000008-8.187-0.png,4
covid-19-pneumonia-progression-and-regression-day20.jpg,4
COVID(685).png,2
COVID(526).png,3
MIDRC-RICORD-1C-419639-001369-38749-0.png,2
ae6c954c0039de4b5edee53865ffee43-e6c8-0.jpg,2
MIDRC-RICORD-1C-SITE2-000256-91590-0.png,1
MIDRC-RICORD-1C-419639-002079-90045-0.png,3
COVID(729).png,4
COVID(170).png,5
MIDRC-RICORD-1C-419639-002887-89073-0.png,3
COVID(554).png,3
all14238-fig-0001-m-b.jpg,3
8781ac6b9589f3646d2bbfff8f9015_jumbo.jpeg,2
296_2020_4584_Fig2_HTML-b.png,1
MIDRC-RICORD-1C-419639-000959-36969-0.png,2
COVID(808).png,2
MIDRC-RICORD-1C-419639-001369-43263-0.png,2
0a6c60063b4bae4de001caaba306d1_jumbo.jpeg,2
COVID(146).png,2
MIDRC-RICORD-1C-419639-001336-83365-1.png,2
MIDRC-RICORD-1C-SITE2-000184-92322-0.png,2
MIDRC-RICORD-1C-419639-001021-41534-0.png,2
MIDRC-RICORD-1C-440808-000002-8.116-0.png,3
701_2020_4374_Fig2_HTML.png,2
covid-19-pneumonia-58-day-10.jpg,2
MIDRC-RICORD-1C-SITE2-000133-93176-0.png,2
MIDRC-RICORD-1C-419639-000331-53452-0.png,3
MIDRC-RICORD-1C-SITE2-000101-36965-0.png,1
MIDRC-RICORD-1C-440808-000012-8.221-0.png,2
1-s2.0-S2214250920300834-gr1_lrg-b.png,1
COVID(862).png,1
COVID(766).png,1
COVID(292).png,1
COVID(693).png,3
COVID(899).png,1
COVID(683).png,3
COVID(190).png,3
COVID(602).png,2
MIDRC-RICORD-1C-SITE2-000163-64983-0.png,1
MIDRC-RICORD-1C-SITE2-000269-37787-0.png,2
nejmc2001573_f1a.jpeg,2
MIDRC-RICORD-1C-419639-000361-45412-0.png,2
COVID(662).png,1
MIDRC-RICORD-1C-419639-002844-97546-0.png,2
COVID(830).png,1
MIDRC-RICORD-1C-SITE2-000089-83556-0.png,2
MIDRC-RICORD-1C-SITE2-000247-48450-0.png,3
covid-19-pneumonia-35-2.jpg,1
MIDRC-RICORD-1C-419639-003003-86404-0.png,2
COVID-00020.jpg,0
COVID(939).png,1
MIDRC-RICORD-1C-SITE2-000052-84213-0.png,2
COVID(137).png,3
COVID(544).png,2
COVID(357).png,3
COVID(511).png,1
MIDRC-RICORD-1C-419639-000331-65699-1.png,2
COVID(392).png,1
11547_2020_1202_Fig1_HTML-b.png,2
ryct.2020200028.fig1a.jpeg,1
MIDRC-RICORD-1C-SITE2-000129-45776-0.png,2
MIDRC-RICORD-1C-SITE2-000026-16420-0.png,3
COVID(150).png,3
COVID(281).png,2
MIDRC-RICORD-1C-SITE2-000123-76427-0.png,2
COVID(228).png,1
COVID(311).png,3
f44373474437c99b2740062c914438_jumbo.jpeg,3
COVID(679).png,2
MIDRC-RICORD-1C-SITE2-000252-04481-0.png,2
MIDRC-RICORD-1C-419639-001060-86381-0.png,2
MIDRC-RICORD-1C-SITE2-000251-18814-0.png,2
COVID(702).png,3
MIDRC-RICORD-1C-SITE2-000104-14246-1.png,2
MIDRC-RICORD-1C-SITE2-000129-92135-0.png,2
COVID(376).png,2
COVID(400).png,2
COVID(390).png,1
MIDRC-RICORD-1C-SITE2-000243-15589-0.png,1
COVID(360).png,1
COVID(30).png,1
COVID(359).png,2
COVID(120).png,3
MIDRC-RICORD-1C-SITE2-000042-35509-0.png,3
MIDRC-RICORD-1C-419639-000331-72301-1.png,2
COVID(666).png,1
COVID(889).png,2
MIDRC-RICORD-1C-SITE2-000249-02237-0.png,1
MIDRC-RICORD-1C-419639-001285-10633-0.png,4
COVID(202).png,1
10.1016-slash-j.crad.2020.04.002-a.png,3
COVID(6).png,1
MIDRC-RICORD-1C-419639-001634-99561-0.png,3
COVID(606).png,1
11547_2020_1203_Fig2_HTML-d.png,4
MIDRC-RICORD-1C-SITE2-000252-24572-0.png,2
MIDRC-RICORD-1C-419639-001596-79963-0.png,2
MIDRC-RICORD-1C-440808-000002-8.148-0.png,3
COVID(959).png,1
COVID(344).png,2
MIDRC-RICORD-1C-419639-000906-14379-0.png,2
COVID(419).png,3
MIDRC-RICORD-1C-419639-003003-29750-0.png,3
COVID(434).png,3
MIDRC-RICORD-1C-440808-000008-8.267-0.png,3
COVID(367).png,2
MIDRC-RICORD-1C-SITE2-000145-03730-0.png,1
MIDRC-RICORD-1C-419639-001021-07287-0.png,3
COVID(230).png,3
COVID(736).png,4
MIDRC-RICORD-1C-419639-001555-00521-1.png,2
COVID(713).png,1
882fd7ec99b523aead995d78f3129f_jumbo.jpeg,1
COVID(840).png,3
MIDRC-RICORD-1C-SITE2-000082-45376-0.png,2
COVID(607).png,2
figure1-5e75d0940b71e1b702629659-98-right.jpeg,1
MIDRC-RICORD-1C-SITE2-000184-05630-0.png,2
COVID(68).png,2
MIDRC-RICORD-1C-SITE2-000199-65258-0.png,2
MIDRC-RICORD-1C-419639-001122-51290-1.png,2
MIDRC-RICORD-1C-419639-003013-75738-0.png,2
COVID(664).png,2
MIDRC-RICORD-1C-440808-000008-8.153-0.png,3
MIDRC-RICORD-1C-440808-000006-08.39-0.png,3
MIDRC-RICORD-1C-440808-000005-8.445-0.png,2
MIDRC-RICORD-1C-419639-000906-51788-0.png,2
COVID(857).png,2
81af553601a1bc1fdf81c99436a50b_jumbo.jpeg,2
COVID(310).png,3
MIDRC-RICORD-1C-419639-001021-90730-0.png,2
COVID(919).png,1
DX.1.2.840.113564.1722810162.20200326123403551130.1203801020003.png,1
MIDRC-RICORD-1C-SITE2-000259-30166-0.png,2
COVID(415).png,3
COVID(429).png,3
COVID(279).png,2
MIDRC-RICORD-1C-419639-001094-92274-0.png,3
COVID(741).png,3
COVID(461).png,1
COVID(115).png,3
MIDRC-RICORD-1C-SITE2-000269-62955-0.png,2
MIDRC-RICORD-1C-440808-000012-8.415-0.png,2
COVID(701).png,3
COVID(318).png,2
COVID(697).png,3
MIDRC-RICORD-1C-440808-000015-8.355-0.png,3
MIDRC-RICORD-1C-419639-000331-50611-0.png,3
MIDRC-RICORD-1C-419639-001476-88764-0.png,2
MIDRC-RICORD-1C-SITE2-000252-94218-1.png,2
COVID(883).png,3
COVID(786).png,3
COVID(62).png,3
COVID(286).png,2
COVID(353).png,2
COVID(930).png,2
MIDRC-RICORD-1C-419639-001214-49883-0.png,3
COVID(551).png,2
MIDRC-RICORD-1C-419639-001863-27599-0.png,1
COVID(93).png,1
COVID(141).png,1
MIDRC-RICORD-1C-419639-000906-03919-0.png,2
tpmd200203f2-a.png,1
COVID(804).png,1
COVID(618).png,1
MIDRC-RICORD-1C-419639-000418-34513-0.png,1
COVID(572).png,1
COVID(407).png,2
MIDRC-RICORD-1C-SITE2-000177-25312-0.png,2
COVID(684).png,2
COVID(108).png,3
MIDRC-RICORD-1C-SITE2-000118-31156-0.png,3
COVID(371).png,3
COVID(152).png,2
COVID(249).png,0
MIDRC-RICORD-1C-SITE2-000252-23889-0.png,2
MIDRC-RICORD-1C-419639-003154-71369-0.png,2
MIDRC-RICORD-1C-419639-001634-57955-0.png,2
COVID-00016.jpg,2
COVID(720).png,3
COVID(372).png,2
COVID(459).png,2
MIDRC-RICORD-1C-SITE2-000133-21335-0.png,2
MIDRC-RICORD-1C-419639-000906-04505-1.png,2
MIDRC-RICORD-1C-SITE2-000292-04064-0.png,2
MIDRC-RICORD-1C-419639-001060-64097-0.png,2
COVID(655).png,2
MIDRC-RICORD-1C-SITE2-000062-01812-0.png,3
COVID(446).png,1
COVID(704).png,1
COVID(759).png,4
COVID(648).png,3
covid-19-pneumonia-49-day8.jpg,3
MIDRC-RICORD-1C-419639-000771-14788-0.png,3
COVID(946).png,4
COVID(954).png,1
MIDRC-RICORD-1C-419639-003269-27033-1.png,2
MIDRC-RICORD-1C-419639-002798-17571-0.png,3
MIDRC-RICORD-1C-419639-002972-53337-0.png,3
COVID(761).png,2
MIDRC-RICORD-1C-419639-001686-60394-1.png,2
COVID(7).png,1
COVID(460).png,1
COVID(169).png,2
COVID(659).png,1
covid-19-pneumonia-24-day12.jpg,2
COVID(522).png,3
MIDRC-RICORD-1C-419639-001012-29087-0.png,1
COVID(542).png,2
MIDRC-RICORD-1C-419639-002904-61924-0.png,3
COVID(250).png,1
COVID(467).png,3
MIDRC-RICORD-1C-SITE2-000261-47108-0.png,2
MIDRC-RICORD-1C-SITE2-000293-00096-0.png,2
MIDRC-RICORD-1C-419639-001094-41321-0.png,2
MIDRC-RICORD-1C-419639-000800-00397-0.png,3
MIDRC-RICORD-1C-419639-003013-66797-1.png,3
1-s2.0-S1684118220300682-main.pdf-003-b2.png,1
COVID(691).png,3
COVID(278).png,2
ajr.20.23034.pdf-001.png,3
MIDRC-RICORD-1C-419639-002884-43808-1.png,2
MIDRC-RICORD-1C-SITE2-000145-44375-0.png,1
COVID(519).png,3
MIDRC-RICORD-1C-SITE2-000252-40730-0.png,2
MIDRC-RICORD-1C-440808-000008-8.394-0.png,3
MIDRC-RICORD-1C-SITE2-000087-31880-0.png,2
MIDRC-RICORD-1C-SITE2-000199-33347-0.png,2
MIDRC-RICORD-1C-419639-001021-96124-0.png,2
COVID(806).png,3
COVID(445).png,1
COVID-00046.png,2
7867b1aa2d1241045c917f07a9e683_jumbo.jpeg,3
MIDRC-RICORD-1C-419639-002884-86129-0.png,3
COVID(123).png,0
6770dac454c45c86bc6c2d6193b177_jumbo.jpeg,3
COVID(475).png,1
MIDRC-RICORD-1C-419639-000331-82593-0.png,2
COVID(408).png,1
MIDRC-RICORD-1C-440808-000003-08.13-0.png,1
MIDRC-RICORD-1C-419639-000800-85508-0.png,2
COVID(549).png,2
MIDRC-RICORD-1C-SITE2-000196-91950-1.png,2
COVID(839).png,4
COVID(314).png,4
COVID(442).png,2
MIDRC-RICORD-1C-440808-000014-8.278-0.png,3
MIDRC-RICORD-1C-SITE2-000292-96206-0.png,3
COVID(812).png,2
MIDRC-RICORD-1C-SITE2-000252-17651-0.png,3
COVID(125).png,3
COVID(447).png,2
MIDRC-RICORD-1C-SITE2-000255-11322-0.png,2
COVID(31).png,3
COVID(815).png,4
MIDRC-RICORD-1C-419639-001021-18837-0.png,2
COVID(716).png,2
covid-19-pneumonia-progression-and-regression-day24.jpg,2
COVID(943).png,2
COVID(49).png,3
COVID(865).png,2
COVID(47).png,4
MIDRC-RICORD-1C-SITE2-000241-15577-0.png,2
covid-19-pneumonia-progression-and-regression-day13.jpg,2
MIDRC-RICORD-1C-419639-001336-01617-0.png,3
CR.1.2.840.113564.1722810170.20200405065153640420.1003000225002.png,3
COVID(515).png,1
COVID(915).png,1
COVID(775).png,5
MIDRC-RICORD-1C-SITE2-000219-40295-0.png,1
COVID(22).png,2
COVID(492).png,2
MIDRC-RICORD-1C-419639-001094-12424-1.png,3
extubation-1.jpg,2
COVID(629).png,4
COVID(755).png,3
COVID(795).png,3
MIDRC-RICORD-1C-419639-002773-62578-0.png,1
COVID(826).png,4
MIDRC-RICORD-1C-440808-000018-8.467-0.png,3
COVID(601).png,1
MIDRC-RICORD-1C-SITE2-000252-17161-0.png,2
COVID(42).png,2
MIDRC-RICORD-1C-419639-000758-41183-1.png,2
MIDRC-RICORD-1C-419639-002592-18536-1.png,1
MIDRC-RICORD-1C-419639-002884-88181-0.png,2
COVID(55).png,3
MIDRC-RICORD-1C-419639-001569-87963-0.png,2
MIDRC-RICORD-1C-419639-002887-77016-0.png,2
4e43e48d52c9e2d4c6c1fb9bc1544f_jumbo.jpeg,2
CR.1.2.840.113564.1722810170.20200408094743609850.1003000225002.png,3
COVID(537).png,1
MIDRC-RICORD-1C-419639-000906-04484-1.png,1
COVID(658).png,1
COVID(266).png,3
MIDRC-RICORD-1C-419639-003154-35008-0.png,2
MIDRC-RICORD-1C-419639-002911-25035-0.png,2
ryct.2020003.fig2-b.png,3
COVID(402).png,1
MIDRC-RICORD-1C-SITE2-000133-51771-0.png,1
COVID(395).png,1
COVID(682).png,3
CR.1.2.840.113564.1722810170.20200322160314468140.1003000225002.png,2
COVID(634).png,2
MIDRC-RICORD-1C-419639-000758-68844-0.png,3
CR.1.2.840.113564.192168196.2020040116564476574.1203801020003.png,2
COVID(506).png,2
COVID(439).png,2
1-s2.0-S1684118220300608-main.pdf-001.jpg,2
COVID(97).png,3
COVID(594).png,2
kjr-21-e24-g001-l-a.jpg,3
MIDRC-RICORD-1C-419639-003185-64353-0.png,1
MIDRC-RICORD-1C-SITE2-000292-03023-0.png,3
COVID(576).png,2
COVID(855).png,3
11547_2020_1200_Fig2_HTML-a.png,1
COVID(566).png,2
COVID(253).png,0
COVID(384).png,2
COVID(948).png,0
MIDRC-RICORD-1C-SITE2-000061-79468-0.png,2
MIDRC-RICORD-1C-SITE2-000259-29985-0.png,2
COVID(825).png,3
COVID(714).png,3
COVID(574).png,2
MIDRC-RICORD-1C-419639-003112-17041-0.png,2
COVID(36).png,1
MIDRC-RICORD-1C-440808-000010-8.125-0.png,2
radiol.2020201160.fig6b.jpeg,1
MIDRC-RICORD-1C-419639-002911-31907-0.png,1
COVID(205).png,0
COVID(157).png,4
COVID(872).png,3
COVID(301).png,2
MIDRC-RICORD-1C-419639-001285-20222-0.png,2
MIDRC-RICORD-1C-419639-001634-66286-1.png,2
MIDRC-RICORD-1C-419639-001863-85162-0.png,2
MIDRC-RICORD-1C-SITE2-000126-47389-0.png,2
covid-19-pneumonia-rapidly-progressive-admission.jpg,2
COVID(271).png,3
COVID(611).png,2
COVID(109).png,3
COVID(661).png,1
COVID(113).png,1
COVID(368).png,3
COVID(193).png,1
COVID(257).png,1
MIDRC-RICORD-1C-SITE2-000252-87588-0.png,2
MIDRC-RICORD-1C-SITE2-000199-55518-0.png,1
COVID(466).png,2
MIDRC-RICORD-1C-419639-002863-91811-0.png,2
COVID(934).png,2
1-s2.0-S2213716520301168-gr1_lrg-b.png,5
COVID(633).png,3
67d668e570c242404ba82c7cbe2ca8f2-0015-0.jpg,3
COVID(45).png,2
COVID(78).png,2
MIDRC-RICORD-1C-419639-003029-68072-0.png,1
MIDRC-RICORD-1C-SITE2-000268-67528-0.png,2
MIDRC-RICORD-1C-419639-001687-11077-0.png,2
COVID(941).png,3
MIDRC-RICORD-1C-SITE2-000274-89058-0.png,2
MIDRC-RICORD-1C-SITE2-000276-53536-0.png,1
COVID(592).png,3
COVID(501).png,2
MIDRC-RICORD-1C-SITE2-000080-79272-0.png,2
MIDRC-RICORD-1C-440808-000006-08.64-0.png,2
COVID(259).png,2
da9e9aac-de8c-44c7-ba57-e7cc8e4caaba.annot.original.jpeg,2
MIDRC-RICORD-1C-419639-001569-25826-0.png,1
COVID(90).png,3
MIDRC-RICORD-1C-SITE2-000084-71242-0.png,2
article_river_c79329e06dff11eab69c95940c7c0d00-CXR-D1-COVID19.png,2
MIDRC-RICORD-1C-SITE2-000090-64738-0.png,2
MIDRC-RICORD-1C-SITE2-000259-71395-1.png,2
MIDRC-RICORD-1C-SITE2-000252-66168-0.png,1
COVID(624).png,2
COVID(438).png,2
COVID(143).png,1
MIDRC-RICORD-1C-419639-001021-62826-0.png,2
COVID(791).png,3
MIDRC-RICORD-1C-419639-001336-69627-1.png,3
COVID(842).png,3
MIDRC-RICORD-1C-SITE2-000186-87445-0.png,1
COVID(498).png,3
COVID(165).png,2
MIDRC-RICORD-1C-SITE2-000224-37661-0.png,2
COVID(588).png,2
MIDRC-RICORD-1C-440808-000002-8.379-0.png,2
8eda8be6369c87e0899f6d1642e97b_jumbo.jpeg,3
COVID(440).png,1
COVID(521).png,3
MIDRC-RICORD-1C-419639-002798-44651-0.png,2
MIDRC-RICORD-1C-SITE2-000251-77545-0.png,2
jkms-35-e79-g001-l-b.jpg,1
COVID(57).png,3
MIDRC-RICORD-1C-419639-003013-73430-0.png,2
COVID(276).png,2
COVID(171).png,2
COVID(472).png,1
COVID(242).png,2
4cb2f877226f5e02b3064e1e52075f_jumbo.jpeg,2
COVID(780).png,2
MIDRC-RICORD-1C-SITE2-000148-03262-0.png,2
MIDRC-RICORD-1C-419639-003260-57806-0.png,1
MIDRC-RICORD-1C-SITE2-000065-08617-0.png,1
COVID(703).png,3
COVID(56).png,3
MIDRC-RICORD-1C-SITE2-000103-58285-0.png,3
yxppt-2020-02-19_00-51-27_287214-day12.jpg,2
MIDRC-RICORD-1C-419639-003013-42080-1.png,2
COVID(675).png,3
COVID(185).png,3
COVID(50).png,3
MIDRC-RICORD-1C-419639-000418-35885-0.png,1
MIDRC-RICORD-1C-419639-001060-58106-0.png,2
COVID(427).png,3
2edb88df42cab5e5fbc18b3965e0bd_jumbo.jpeg,3
MIDRC-RICORD-1C-419639-000361-44832-0.png,2
MIDRC-RICORD-1C-SITE2-000184-35618-0.png,1
COVID(520).png,3
MIDRC-RICORD-1C-419639-000800-34589-1.png,2
COVID(358).png,2
COVID(536).png,2
COVID(850).png,1
AR-2.jpg,1
COVID(308).png,0
COVID(207).png,0
MIDRC-RICORD-1C-SITE2-000212-36422-0.png,3
COVID(921).png,2
COVID(603).png,1
COVID(385).png,0
2-chest-filmc.jpg,1
covid-19-pneumonia-38-pa.jpg,1
MIDRC-RICORD-1C-SITE2-000061-86515-0.png,1
MIDRC-RICORD-1C-419639-001729-71729-0.png,1
MIDRC-RICORD-1C-SITE2-000021-95898-0.png,2
COVID(640).png,1
COVID(465).png,3
MIDRC-RICORD-1C-419639-001975-83056-0.png,2
COVID(531).png,2
MIDRC-RICORD-1C-419639-001122-11349-0.png,2
MIDRC-RICORD-1C-SITE2-000065-17848-1.png,2
COVID(928).png,2
COVID(929).png,2
COVID(567).png,3
DX.1.2.840.113564.1722810162.20200331100140006240.1203801020003.png,2
covid-19-pneumonia-rapidly-progressive-12-hours.jpg,2
COVID(209).png,2
DX.1.2.840.113564.1722810162.20200322102521497410.1203801020003.png,2
COVID(893).png,1
MIDRC-RICORD-1C-419639-001729-17227-0.png,1
COVID(468).png,1
41182_2020_203_Fig4_HTML.jpg,2
MIDRC-RICORD-1C-SITE2-000255-24179-0.png,2
MIDRC-RICORD-1C-419639-001214-89985-1.png,3
COVID(613).png,1
COVID(711).png,2
1-s2.0-S0140673620303706-fx1_lrg.jpg,2
COVID(868).png,3
MIDRC-RICORD-1C-440808-000015-8.227-0.png,2
MIDRC-RICORD-1C-SITE2-000252-19989-0.png,2
COVID(623).png,2
MIDRC-RICORD-1C-419639-002195-88297-0.png,1
COVID(861).png,1
MIDRC-RICORD-1C-SITE2-000198-50564-0.png,1
MIDRC-RICORD-1C-SITE2-000112-77926-0.png,2
COVID(570).png,1
MIDRC-RICORD-1C-419639-002798-64618-1.png,2
COVID(813).png,2
MIDRC-RICORD-1C-419639-001214-96330-0.png,3
MIDRC-RICORD-1C-SITE2-000253-66449-0.png,1
MIDRC-RICORD-1C-419639-002649-91958-1.png,2
COVID(91).png,3
COVID(15).png,2
COVID(856).png,4
COVID(641).png,2
MIDRC-RICORD-1C-SITE2-000087-31880-1.png,1
MIDRC-RICORD-1C-SITE2-000199-91718-0.png,2
COVID(656).png,3
MIDRC-RICORD-1C-419639-002079-84578-0.png,2
COVID(911).png,2
afaa068f1.png,3
MIDRC-RICORD-1C-SITE2-000107-91580-0.png,2
COVID(483).png,0
covid-19-pneumonia-22-day1-pa.png,3
COVID(346).png,2
COVID(470).png,2
MIDRC-RICORD-1C-SITE2-000167-57517-0.png,2
COVID(797).png,2
COVID(155).png,2
COVID(724).png,2
MIDRC-RICORD-1C-419639-000758-27539-0.png,3
MIDRC-RICORD-1C-SITE2-000101-72147-0.png,3
MIDRC-RICORD-1C-SITE2-000184-83158-0.png,1
MIDRC-RICORD-1C-419639-003013-88396-0.png,2
1-s2.0-S2387020620301959-gr3_lrg-a.png,2
MIDRC-RICORD-1C-419639-001285-89136-0.png,2
MIDRC-RICORD-1C-SITE2-000184-16779-0.png,1
1-s2.0-S2214250920300706-gr2_lrg.jpg,2
COVID(476).png,2
MIDRC-RICORD-1C-419639-002904-44945-0.png,2
MIDRC-RICORD-1C-SITE2-000197-77046-0.png,2
ryct.2020200034.fig2.jpeg,1
MIDRC-RICORD-1C-419639-000800-36774-1.png,2
10.1016-slash-j.hrcr.2020.04.015-a.png,1
MIDRC-RICORD-1C-419639-003302-51043-0.png,2
MIDRC-RICORD-1C-SITE2-000251-31668-0.png,2
COVID(708).png,2
COVID(298).png,2
COVID(254).png,2
covid-19-pneumonia-7-PA.jpg,1
MIDRC-RICORD-1C-SITE2-000269-36236-0.png,2
COVID(341).png,2
COVID(829).png,2
MIDRC-RICORD-1C-419639-001021-91778-1.png,2
MIDRC-RICORD-1C-SITE2-000199-01952-0.png,1
MIDRC-RICORD-1C-419639-001214-49883-1.png,2
COVID(799).png,2
COVID(456).png,1
covid-19-pneumonia-rapidly-progressive-3-days.jpg,2
COVID(458).png,1
MIDRC-RICORD-1C-SITE2-000252-32495-0.png,2
covid-19-pneumonia-progression-and-regression-day11.jpg,2
MIDRC-RICORD-1C-419639-002079-50657-0.png,2
COVID(810).png,2
MIDRC-RICORD-1C-SITE2-000269-06010-0.png,2
COVID(645).png,1
covid-19-pneumonia-41-day-0.jpg,2
11547_2020_1200_Fig3_HTML-a.png,2
COVID(528).png,2
COVID(320).png,2
MIDRC-RICORD-1C-SITE2-000251-58048-0.png,2
COVID(424).png,2
COVID(802).png,3
COVID(733).png,2
COVID(293).png,3
covid-19-pneumonia-34.png,2
COVID(85).png,2
MIDRC-RICORD-1C-SITE2-000224-64684-0.png,2
MIDRC-RICORD-1C-440808-000012-8.252-0.png,3
COVID(258).png,2
COVID(496).png,4
COVID(60).png,1
COVID(866).png,3
COVID(231).png,2
CR.1.2.840.113564.1722810170.20200326010813390400.1003000225002.png,2
1-s2.0-S1684118220300682-main.pdf-003-b1.png,1
COVID(349).png,2
MIDRC-RICORD-1C-SITE2-000196-12076-0.png,2
MIDRC-RICORD-1C-419639-002798-32461-1.png,2
41182_2020_203_Fig5_HTML.jpg,2
MIDRC-RICORD-1C-419639-003003-22541-0.png,2
MIDRC-RICORD-1C-419639-001285-20222-1.png,2
COVID(615).png,3
MIDRC-RICORD-1C-419639-002798-70806-0.png,3
nejmoa2001017_f1-a.png,3
radiol.2020201160.fig2a.jpeg,1
MIDRC-RICORD-1C-419639-003112-60777-0.png,3
MIDRC-RICORD-1C-419639-000399-99232-0.png,1
MIDRC-RICORD-1C-SITE2-000252-20342-0.png,2
COVID(366).png,3
MIDRC-RICORD-1C-419639-003220-99668-0.png,2
MIDRC-RICORD-1C-SITE2-000256-10534-0.png,2
COVID(100).png,2
MIDRC-RICORD-1C-419639-001214-33151-0.png,2
COVID-00008.jpg,0
covid-19-pneumonia-30-PA.jpg,2
MIDRC-RICORD-1C-419639-000800-10878-1.png,2
MIDRC-RICORD-1C-419639-001476-90402-0.png,2
MIDRC-RICORD-1C-419639-000906-90377-0.png,2
COVID(931).png,3
COVID(894).png,2
COVID(104).png,2
MIDRC-RICORD-1C-419639-003112-67193-0.png,2
COVID(604).png,1
6b3bdbc31f65230b8cdcc3cef5f8ba8a-40ac-0.jpg,3
COVID(568).png,2
COVID(158).png,3
COVID(340).png,2
MIDRC-RICORD-1C-419639-002884-28746-0.png,3
MIDRC-RICORD-1C-419639-001094-24082-1.png,3
COVID(265).png,3
COVID-00017.jpg,2
MIDRC-RICORD-1C-419639-001094-12424-0.png,3
COVID(710).png,2
MIDRC-RICORD-1C-SITE2-000012-67069-0.png,1
COVID(443).png,2
COVID(859).png,3
radiol.2020201160.fig3a.jpeg,2
MIDRC-RICORD-1C-SITE2-000086-01931-0.png,3
MIDRC-RICORD-1C-SITE2-000118-82253-0.png,2
COVID(304).png,2
COVID(833).png,2
MIDRC-RICORD-1C-419639-002798-34378-1.png,2
COVID(739).png,1
MIDRC-RICORD-1C-419639-003003-17992-0.png,2
MIDRC-RICORD-1C-SITE2-000078-42484-0.png,2
COVID(600).png,2
figure1-5e73d7ae897e27ff066a30cb-98.jpeg,2
COVID(665).png,1
MIDRC-RICORD-1C-SITE2-000248-12609-0.png,2
MIDRC-RICORD-1C-419639-000906-35798-0.png,2
MIDRC-RICORD-1C-419639-003112-27341-0.png,2
COVID(781).png,2
COVID(179).png,1
MIDRC-RICORD-1C-SITE2-000199-92778-0.png,1
COVID(363).png,3
a1fec23b293dfe7876660cb7acce43_jumbo.jpeg,1
MIDRC-RICORD-1C-SITE2-000205-44961-0.png,1
7-fatal-covid19.jpg,2
COVID(246).png,0
COVID(535).png,3
COVID(256).png,1
COVID(772).png,1
MIDRC-RICORD-1C-419639-000831-98678-0.png,4
COVID(463).png,3
MIDRC-RICORD-1C-SITE2-000199-48430-1.png,1
MIDRC-RICORD-1C-SITE2-000219-84254-0.png,2
COVID-00043a.jpg,3
COVID(156).png,4
COVID(173).png,2
COVID(263).png,3
COVID(365).png,2
COVID(176).png,2
MIDRC-RICORD-1C-SITE2-000133-24249-0.png,2
COVID-00004.jpg,0
COVID(719).png,3
MIDRC-RICORD-1C-440808-000002-8.442-0.png,2
1-s2.0-S2387020620301959-gr4_lrg-a.png,2
MIDRC-RICORD-1C-SITE2-000269-15753-0.png,2
11547_2020_1200_Fig3_HTML-c.png,3
COVID(577).png,2
MIDRC-RICORD-1C-440808-000008-8.284-0.png,4
MIDRC-RICORD-1C-419639-002972-97415-0.png,3
COVID(660).png,2
MIDRC-RICORD-1C-419639-000215-98988-0.png,2
COVID(547).png,0
COVID(375).png,1
MIDRC-RICORD-1C-SITE2-000191-59223-0.png,1
MIDRC-RICORD-1C-419639-000906-04505-0.png,2
ciaa199.pdf-001-a.png,0
COVID(581).png,2
MIDRC-RICORD-1C-SITE2-000036-54047-0.png,1
1-s2.0-S0735675720302746-gr1_lrg.jpg,2
COVID(811).png,1
11547_2020_1203_Fig1_HTML-b.png,3
MIDRC-RICORD-1C-SITE2-000252-94218-0.png,2
MIDRC-RICORD-1C-419639-000906-51814-0.png,2
aqaa062i0002-a.png,5
MIDRC-RICORD-1C-440808-000015-8.238-0.png,2
COVID(53).png,2
COVID(800).png,2
COVID(377).png,2
50e51fcefaa760d0757eeae6eb0858_jumbo.jpeg,2
MIDRC-RICORD-1C-SITE2-000123-76427-1.png,2
12941_2020_358_Fig1_HTML.jpg,2
kjr-21-e24-g003-l-a.jpg,1
COVID(200).png,2
COVID(326).png,2
MIDRC-RICORD-1C-419639-001021-96124-1.png,2
COVID(337).png,2
COVID(625).png,2
1-s2.0-S1341321X20301124-gr3_lrg-c.png,3
CR.1.2.840.113564.1722810170.20200318082923328940.1003000225002.png,2
1-s2.0-S1521661620303314-gr1_lrg-a.png,2
COVID(538).png,0
COVID(380).png,3
post-intubuation-pneumomediastium-and-pneumothorax-background-covid-19-pneumonia-day6-2.jpg,3
MIDRC-RICORD-1C-SITE2-000175-83380-0.png,3
COVID(649).png,2
MIDRC-RICORD-1C-419639-003154-35008-3.png,2
COVID(846).png,1
COVID(792).png,2
COVID(798).png,1
COVID(114).png,2
MIDRC-RICORD-1C-419639-000484-18850-0.png,2
COVID(199).png,2
MIDRC-RICORD-1C-440808-000005-8.301-0.png,2
MIDRC-RICORD-1C-SITE2-000266-56664-0.png,2
COVID(728).png,2
COVID(393).png,0
DX.1.2.840.113564.1722810162.20200405112431725920.1203801020003.png,1
COVID(867).png,3
MIDRC-RICORD-1C-SITE2-000102-72341-1.png,2
MIDRC-RICORD-1C-SITE2-000006-73865-0.png,2
COVID(725).png,2
MIDRC-RICORD-1C-419639-000906-03183-1.png,2
extubation-13.jpg,2
all14238-fig-0002-m-d.jpg,5
MIDRC-RICORD-1C-419639-001245-99926-0.png,1
MIDRC-RICORD-1C-440808-000012-8.470-0.png,2
COVID(902).png,2
covid-19-pneumonia-22-day2-pa.png,4
MIDRC-RICORD-1C-SITE2-000252-48311-0.png,2
MIDRC-RICORD-1C-SITE2-000065-90156-0.png,2
MIDRC-RICORD-1C-419639-001687-67578-0.png,2
COVID(159).png,2
MIDRC-RICORD-1C-440808-000017-8.360-0.png,2
MIDRC-RICORD-1C-419639-000361-08073-1.png,3
MIDRC-RICORD-1C-419639-001122-08120-1.png,2
MIDRC-RICORD-1C-419639-001021-88542-0.png,2
COVID(73).png,2
COVID(83).png,2
MIDRC-RICORD-1C-419639-003112-18199-0.png,3
COVID(168).png,3
MIDRC-RICORD-1C-419639-000758-17560-0.png,2
COVID(848).png,1
MIDRC-RICORD-1C-419639-003089-54764-0.png,1
MIDRC-RICORD-1C-419639-000215-90049-0.png,1
COVID(430).png,2
COVID(14).png,2
COVID(560).png,3
COVID(9).png,2
MIDRC-RICORD-1C-SITE2-000252-75198-0.png,2
MIDRC-RICORD-1C-SITE2-000252-70282-0.png,2
MIDRC-RICORD-1C-SITE2-000082-03688-0.png,2
MIDRC-RICORD-1C-419639-001122-40057-1.png,2
ansu-publish-ahead-of-print-10.1097.sla.0000000000003955-g001-a.png,5
COVID(556).png,2
COVID(628).png,3
figure1-5e71be566aa8714a04de3386-98-left.jpeg,3
COVID(20).png,2
1-s2.0-S2531043720300921-gr1.png,2
MIDRC-RICORD-1C-419639-002798-55120-0.png,2
MIDRC-RICORD-1C-440808-000017-8.412-0.png,2
COVID(484).png,3
COVID(832).png,2
COVID(864).png,1
COVID(824).png,3
COVID(609).png,2
MIDRC-RICORD-1C-SITE2-000126-79949-0.png,2
MIDRC-RICORD-1C-SITE2-000013-40554-0.png,2
COVID(54).png,2
COVID(784).png,2
COVID(552).png,2
MIDRC-RICORD-1C-419639-003269-12522-0.png,2
MIDRC-RICORD-1C-419639-001634-16722-2.png,3
COVID(879).png,1
MIDRC-RICORD-1C-419639-002863-46522-1.png,2
MIDRC-RICORD-1C-419639-001214-05119-0.png,2
COVID(818).png,3
COVID(773).png,2
MIDRC-RICORD-1C-419639-003302-48061-0.png,3
COVID(103).png,1
MIDRC-RICORD-1C-SITE2-000249-49234-0.png,1
MIDRC-RICORD-1C-440808-000004-08.55-0.png,2
COVID(65).png,2
gr2_lrg-a.png,2
MIDRC-RICORD-1C-419639-002904-61924-1.png,2
COVID(869).png,2
10.1016-slash-j.anl.2020.04.002-b.png,3
AR-1.jpg,2
MIDRC-RICORD-1C-419639-003013-92180-1.png,3
1.CXRCTThoraximagesofCOVID-19fromSingapore.pdf-002-fig3b.png,2
MIDRC-RICORD-1C-419639-002884-20903-0.png,2
MIDRC-RICORD-1C-SITE2-000251-07030-0.png,2
COVID(816).png,2
COVID(621).png,2
COVID(306).png,2
COVID(275).png,2
MIDRC-RICORD-1C-419639-001446-19964-0.png,2
MIDRC-RICORD-1C-SITE2-000252-36149-0.png,2
COVID(270).png,2
MIDRC-RICORD-1C-419639-001336-74424-0.png,2
COVID(331).png,2
MIDRC-RICORD-1C-419639-000331-19142-1.png,2
COVID(233).png,3
COVID(208).png,0
COVID(892).png,3
COVID(936).png,5
MIDRC-RICORD-1C-SITE2-000022-11669-0.png,3
MIDRC-RICORD-1C-419639-001122-78273-1.png,2
COVID(486).png,2
COVID(325).png,2
COVID(188).png,2
COVID(63).png,2
fx1_lrg.jpg,2
COVID(124).png,0
MIDRC-RICORD-1C-419639-002649-44232-0.png,2
COVID(876).png,2
COVID(801).png,3
MIDRC-RICORD-1C-419639-000613-26607-1.png,2
DX.1.2.840.113564.1722810162.20200401122015054240.1203801020003.png,2
COVID(163).png,2
radiol.2020201160.fig3d.jpeg,1
COVID(66).png,2
MIDRC-RICORD-1C-419639-001021-71052-0.png,2
MIDRC-RICORD-1C-SITE2-000293-40361-0.png,2
MIDRC-RICORD-1C-419639-001214-44743-0.png,2
COVID(260).png,1
1-s2.0-S2213716520301168-gr1_lrg-a.png,4
COVID(896).png,3
COVID(135).png,2
COVID(423).png,3
COVID(218).png,1
COVID(139).png,1
COVID(767).png,2
COVID(852).png,0
MIDRC-RICORD-1C-SITE2-000216-21074-0.png,3
MIDRC-RICORD-1C-419639-001569-43268-0.png,2
MIDRC-RICORD-1C-SITE2-000102-72341-0.png,2
MIDRC-RICORD-1C-419639-001122-78273-0.png,2
MIDRC-RICORD-1C-419639-000771-67048-1.png,2
COVID(595).png,2
COVID(51).png,1
MIDRC-RICORD-1C-419639-001122-32326-1.png,2
COVID(262).png,2
COVID(513).png,2
nCoV-radiol.2020200269.fig1-day7.jpeg,1
MIDRC-RICORD-1C-419639-003269-78603-0.png,3
nejmoa2001191_f5-PA.jpeg,1
COVID(28).png,2
MIDRC-RICORD-1C-SITE2-000268-55273-0.png,4
MIDRC-RICORD-1C-440808-000002-08.58-0.png,3
MIDRC-RICORD-1C-419639-003154-35008-4.png,2
covid-19-pneumonia-19.jpg,2
b0f1684d1ee90dc09deef015e29dae_jumbo.jpeg,1
COVID(336).png,3
COVID(692).png,2
aqaa062i0002-b.png,2
COVID(530).png,2
MIDRC-RICORD-1C-SITE2-000198-10532-0.png,1
COVID(847).png,1
MIDRC-RICORD-1C-419639-003269-25176-0.png,1
MIDRC-RICORD-1C-419639-002972-98539-0.png,2
MIDRC-RICORD-1C-419639-003003-54383-0.png,3
MIDRC-RICORD-1C-419639-002884-63532-0.png,2
COVID(140).png,2
MIDRC-RICORD-1C-SITE2-000216-11627-0.png,3
MIDRC-RICORD-1C-419639-003013-92180-0.png,3
MIDRC-RICORD-1C-419639-001122-71188-1.png,2
MIDRC-RICORD-1C-SITE2-000078-37750-0.png,1
MIDRC-RICORD-1C-419639-003307-62875-0.png,3
COVID(884).png,3
MIDRC-RICORD-1C-419639-000361-80204-0.png,2
67d668e570c242404ba82c7cbe2ca8f2-05be-0.jpg,3
COVID(696).png,3
COVID(34).png,1
MIDRC-RICORD-1C-419639-003220-65243-0.png,3
MIDRC-RICORD-1C-419639-003112-70800-0.png,2
MIDRC-RICORD-1C-SITE2-000082-50711-0.png,3
MIDRC-RICORD-1C-419639-000771-92171-0.png,2
COVID(913).png,2
COVID(285).png,3
COVID(803).png,1
41591_2020_819_Fig1_HTML.webp-day5.png,1
COVID(878).png,1
COVID(219).png,2
c17cdd3972b233b97770bb57f7bba6_jumbo.jpeg,3
MIDRC-RICORD-1C-440808-000005-8.430-0.png,3
COVID(121).png,1
MIDRC-RICORD-1C-419639-002079-50657-2.png,2
41182_2020_203_Fig3_HTML.jpg,1
MIDRC-RICORD-1C-SITE2-000133-60930-0.png,2
556e19b9d38e2199dfa8722ddff25f_jumbo.jpeg,3
COVID(133).png,3
COVID(2).png,1
yxppt-2020-02-19_00-51-27_287214-day8.jpg,2
MIDRC-RICORD-1C-440808-000010-8.158-0.png,2
MIDRC-RICORD-1C-SITE2-000199-89105-0.png,2
MIDRC-RICORD-1C-440808-000017-8.421-0.png,2
MIDRC-RICORD-1C-SITE2-000267-56889-0.png,3
COVID(41).png,4
MIDRC-RICORD-1C-419639-000800-62251-0.png,3
MIDRC-RICORD-1C-419639-000331-72301-0.png,3
MIDRC-RICORD-1C-SITE2-000252-54768-0.png,2
covid-19-pneumonia-12.jpg,4
MIDRC-RICORD-1C-419639-003154-69327-0.png,2
COVID(740).png,2
COVID(956).png,2
COVID(296).png,2
COVID(944).png,2
COVID(381).png,2
MIDRC-RICORD-1C-SITE2-000172-50026-0.png,2
COVID(305).png,2
COVID(198).png,2
COVID(886).png,2
COVID(599).png,3
11547_2020_1200_Fig3_HTML-b.png,3
071d06607edf81d70c940e043bce34_jumbo.jpeg,3
COVID(933).png,3
MIDRC-RICORD-1C-SITE2-000065-17848-0.png,2
COVID(240).png,1
COVID(756).png,2
MIDRC-RICORD-1C-419639-000238-46556-1.png,2
post-intubuation-pneumomediastium-and-pneumothorax-background-covid-19-pneumonia-day6-1.jpg,2
MIDRC-RICORD-1C-SITE2-000191-37969-0.png,2
MIDRC-RICORD-1C-419639-000831-98678-1.png,3
MIDRC-RICORD-1C-419639-003003-51385-0.png,2
COVID(303).png,3
COVID(854).png,3
11547_2020_1203_Fig1_HTML-d.png,2
COVID(960).png,3
MIDRC-RICORD-1C-419639-000361-36671-0.png,3
MIDRC-RICORD-1C-419639-002079-40903-1.png,2
COVID-00015b.png,2
COVID(668).png,2
MIDRC-RICORD-1C-419639-000214-86868-0.png,2
MIDRC-RICORD-1C-419639-000906-05862-0.png,2
MIDRC-RICORD-1C-419639-000800-62949-0.png,3
COVID(622).png,2
COVID(394).png,1
MIDRC-RICORD-1C-419639-001094-75438-0.png,3
MIDRC-RICORD-1C-419639-000331-72301-2.png,2
MIDRC-RICORD-1C-SITE2-000252-37996-0.png,2
MIDRC-RICORD-1C-SITE2-000248-26347-0.png,2
MIDRC-RICORD-1C-SITE2-000262-15649-0.png,2
MIDRC-RICORD-1C-SITE2-000175-13955-0.png,3
MIDRC-RICORD-1C-SITE2-000224-45143-0.png,2
COVID(454).png,2
COVID(493).png,1
1-s2.0-S1059131120301151-gr2-f.png,1
COVID(529).png,2
COVID(564).png,3
MIDRC-RICORD-1C-419639-002079-56133-0.png,2
COVID(760).png,3
COVID(315).png,3
COVID(958).png,2
MIDRC-RICORD-1C-440808-000005-08.27-0.png,2
COVID(347).png,2
MIDRC-RICORD-1C-419639-003220-47550-0.png,2
COVID(92).png,2
COVID(620).png,1
COVID(43).png,0
MIDRC-RICORD-1C-419639-000959-36969-1.png,1
COVID(86).png,1
MIDRC-RICORD-1C-440808-000003-08.10-0.png,1
COVID(99).png,3
1-s2.0-S1684118220300608-main.pdf-002.jpg,1
COVID(632).png,2
COVID(637).png,3
ajr.20.23034.pdf-003.png,5
COVID(417).png,4
MIDRC-RICORD-1C-419639-003013-19767-0.png,3
COVID(512).png,2
MIDRC-RICORD-1C-SITE2-000133-95812-0.png,3
COVID(35).png,2
paving.jpg,2
COVID(183).png,2
MIDRC-RICORD-1C-SITE2-000042-47842-0.png,2
14d81f378173b86cc53f21d2d67040_jumbo.jpeg,2
COVID(652).png,3
COVID(328).png,2
MIDRC-RICORD-1C-419639-002972-49732-0.png,2
COVID(917).png,1
COVID(926).png,1
COVID(765).png,2
covid-19-pneumonia-93.png,2
ryct.2020200034.fig5-day0.jpeg,2
MIDRC-RICORD-1C-419639-001021-07696-0.png,2
COVID(742).png,3
MIDRC-RICORD-1C-419639-001647-89457-1.png,1
MIDRC-RICORD-1C-419639-002267-92296-0.png,1
COVID(617).png,4
COVID(243).png,3
COVID(110).png,2
MIDRC-RICORD-1C-SITE2-000046-62756-1.png,1
COVID(508).png,3
MIDRC-RICORD-1C-SITE2-000061-54700-0.png,2
COVID(642).png,3
radiol.2020201160.fig2c.jpeg,1
COVID-00001.jpg,2
COVID(591).png,3
COVID(485).png,4
COVID(10).png,2
MIDRC-RICORD-1C-SITE2-000129-13478-0.png,1
COVID(162).png,2
COVID(503).png,2
MIDRC-RICORD-1C-SITE2-000089-25470-0.png,2
jkms-35-e79-g001-l-a.jpg,2
COVID(3).png,2
MIDRC-RICORD-1C-419639-001021-88542-1.png,2
COVID(194).png,2
COVID(436).png,1
COVID(330).png,1
MIDRC-RICORD-1C-SITE2-000123-83242-0.png,3
COVID(297).png,2
COVID(38).png,2
MIDRC-RICORD-1C-419639-003235-85590-1.png,2
COVID-00039a.jpg,2
MIDRC-RICORD-1C-419639-000331-89050-0.png,3
COVID(953).png,3
MIDRC-RICORD-1C-SITE2-000139-58251-0.png,3
MIDRC-RICORD-1C-440808-000011-8.427-0.png,3
COVID(316).png,3
MIDRC-RICORD-1C-SITE2-000026-03208-0.png,3
MIDRC-RICORD-1C-419639-000771-79868-0.png,2
COVID(477).png,3
CR.1.2.840.113564.1722810170.20200324165957625920.1003000225002.png,3
DX.1.2.840.113564.1722810162.20200420135116095500.1203801020003.png,2
11547_2020_1202_Fig1_HTML-a.png,3
MIDRC-RICORD-1C-419639-001021-61597-0.png,2
MIDRC-RICORD-1C-419639-002825-47714-0.png,1
MIDRC-RICORD-1C-SITE2-000268-51175-0.png,2
COVID(403).png,1
covid-19-pneumonia-28.png,3
COVID(540).png,3
11547_2020_1203_Fig2_HTML-b.png,5
MIDRC-RICORD-1C-419639-002844-31673-0.png,2
COVID(227).png,2
MIDRC-RICORD-1C-419639-002884-99369-0.png,3
COVID(897).png,2
MIDRC-RICORD-1C-419639-003013-88049-0.png,2
COVID(874).png,2
COVID(838).png,3
MIDRC-RICORD-1C-SITE2-000046-95298-0.png,3
COVID(949).png,2
COVID(680).png,3
MIDRC-RICORD-1C-419639-001214-05111-0.png,2
COVID(851).png,2
COVID(502).png,1
MIDRC-RICORD-1C-SITE2-000219-00321-0.png,2
COVID(283).png,1
COVID(8).png,1
COVID(46).png,0
MIDRC-RICORD-1C-419639-001336-03716-0.png,3
covid-19-pneumonia-bilateral.jpg,1
MIDRC-RICORD-1C-SITE2-000089-83556-1.png,0
MIDRC-RICORD-1C-SITE2-000112-19566-0.png,2
MIDRC-RICORD-1C-419639-003260-57806-1.png,1
be835db3a56b5f76d607061dbb82a5_jumbo.jpeg,2
MIDRC-RICORD-1C-419639-001336-76924-0.png,2
3b66f98f30636b2e1fb42c1d0f18a8_jumbo.jpeg,2
COVID(122).png,1
MIDRC-RICORD-1C-SITE2-000197-74400-0.png,2
MIDRC-RICORD-1C-419639-000331-42010-0.png,1
covid-19-pneumonia-progression-and-regression-day1.jpg,3
COVID(916).png,0
COVID(174).png,2
e73d6e89fcd781b8afd159cf533358_jumbo-1.jpeg,3
COVID(821).png,3
MIDRC-RICORD-1C-419639-000906-33256-0.png,2
COVID(670).png,2
MIDRC-RICORD-1C-440808-000010-8.224-0.png,3
COVID(771).png,3
68_2020_1364_Fig1_HTML-c.png,2
COVID(754).png,2
article_river_de7471906e0011eabe5f9363acaf45c4-covid-cxr-2.png,2
COVID(518).png,2
auntminnie-d-2020_01_28_23_51_6665_2020_01_28_Vietnam_coronavirus.jpeg,3
COVID(300).png,2
MIDRC-RICORD-1C-SITE2-000198-45577-0.png,1
MIDRC-RICORD-1C-SITE2-000252-70152-0.png,2
COVID(582).png,3
MIDRC-RICORD-1C-440808-000018-8.403-0.png,2
1-s2.0-S0085253820303616-gr1_lrg-a.png,3
COVID(737).png,1
COVID(605).png,2
COVID(545).png,3
fedd6c94d5dbd12d88c81a1020a3e4_jumbo.jpeg,2
MIDRC-RICORD-1C-419639-002863-46522-0.png,2
COVID(319).png,2
COVID(61).png,2
COVID(489).png,2
COVID(487).png,2
COVID(860).png,3
MIDRC-RICORD-1C-SITE2-000082-94103-0.png,2
MIDRC-RICORD-1C-419639-001021-34024-1.png,2
5e6dd879fde9502400e58b2f.jpeg,3
MIDRC-RICORD-1C-SITE2-000013-10106-0.png,2
MIDRC-RICORD-1C-419639-000800-04262-1.png,2
MIDRC-RICORD-1C-419639-002079-83709-0.png,3
MIDRC-RICORD-1C-SITE2-000118-60279-0.png,3
COVID(130).png,2
COVID(126).png,2
COVID(777).png,4
MIDRC-RICORD-1C-419639-002592-18536-0.png,1
COVID(914).png,2
MIDRC-RICORD-1C-419639-000399-46074-0.png,1
MIDRC-RICORD-1C-SITE2-000269-13468-0.png,2
COVID(197).png,2
COVID(559).png,1
nejmoa2001017_f1-b.png,5
COVID(932).png,1
COVID(553).png,3
COVID(425).png,1
COVID(479).png,2
MIDRC-RICORD-1C-SITE2-000175-87628-0.png,3
COVID(164).png,2
COVID(805).png,1
COVID(261).png,3
MIDRC-RICORD-1C-SITE2-000163-92724-0.png,2
COVID(499).png,2
COVID(900).png,2
COVID(201).png,2
MIDRC-RICORD-1C-SITE2-000245-50475-0.png,2
MIDRC-RICORD-1C-419639-001729-29855-0.png,1
MIDRC-RICORD-1C-419639-002649-91958-0.png,2
COVID(128).png,1
MIDRC-RICORD-1C-SITE2-000252-93011-0.png,1
covid-19-infection-exclusive-gastrointestinal-symptoms-pa.png,1
COVID(272).png,3
MIDRC-RICORD-1C-SITE2-000191-62544-0.png,2
COVID(769).png,2
COVID(920).png,2
COVID(33).png,2
COVID(558).png,1
kjr-21-e24-g002-l-a.jpg,2
MIDRC-RICORD-1C-440808-000012-8.400-0.png,3
MIDRC-RICORD-1C-SITE2-000243-97534-0.png,1
COVID(614).png,1
MIDRC-RICORD-1C-419639-000959-34033-0.png,3
COVID(831).png,3
MIDRC-RICORD-1C-SITE2-000145-08212-0.png,2
COVID(494).png,2
covid-19-pneumonia-42.jpeg,2
all14238-fig-0001-m-c.jpg,2
auntminnie-c-2020_01_28_23_51_6665_2020_01_28_Vietnam_coronavirus.jpeg,3
MIDRC-RICORD-1C-419639-003154-35008-6.png,2
MIDRC-RICORD-1C-440808-000004-8.270-0.png,2
COVID(252).png,2
COVID(546).png,3
COVID(654).png,2
nejmoa2004500_f1-b.png,2
MIDRC-RICORD-1C-SITE2-000062-12368-0.png,2
COVID(52).png,2
MIDRC-RICORD-1C-419639-000331-64221-2.png,2
covid-19-pneumonia-24-day7.jpg,3
COVID(912).png,2
MIDRC-RICORD-1C-419639-003112-53260-0.png,3
COVID(717).png,3
MIDRC-RICORD-1C-SITE2-000047-79407-0.png,1
MIDRC-RICORD-1C-SITE2-000199-27382-0.png,1
MIDRC-RICORD-1C-SITE2-000243-64468-0.png,1
COVID(142).png,2
f46a9bfc7222e61e099a25ab9267da_jumbo.jpeg,2
MIDRC-RICORD-1C-SITE2-000248-77857-0.png,2
DX.1.2.840.113564.1722810162.20200325125743092120.1203801020003.png,2
COVID(807).png,3
COVID(597).png,0
MIDRC-RICORD-1C-419639-003094-64848-0.png,1
COVID(182).png,0
MIDRC-RICORD-1C-419639-003269-57505-0.png,3
MIDRC-RICORD-1C-440808-000004-8.143-0.png,2
MIDRC-RICORD-1C-419639-002972-32291-0.png,3
COVID(557).png,1
COVID(389).png,1
COVID-00011.jpg,2
COVID(882).png,2
COVID(11).png,2
MIDRC-RICORD-1C-440808-000008-08.67-0.png,2
COVID(112).png,3
COVID(563).png,3
COVID(794).png,3
COVID-00039b.jpg,2
40779_2020_233_Fig2_HTML-a.png,1
MIDRC-RICORD-1C-419639-001245-74987-0.png,1
MIDRC-RICORD-1C-419639-000331-64221-0.png,2
COVID-00043b.jpg,2
COVID(871).png,1
COVID(181).png,1
MIDRC-RICORD-1C-419639-003220-45514-1.png,2
CR.1.2.840.113564.1722810170.20200327151518468570.1003000225002.png,1
COVID(651).png,1
1-s2.0-S1684118220300372-gr1_lrg-b.png,1
COVID(280).png,1
MIDRC-RICORD-1C-419639-000361-65584-0.png,2
covid-19-pneumonia-40.jpg,2
COVID(178).png,2
COVID(478).png,2
MIDRC-RICORD-1C-419639-002079-80301-0.png,2
MIDRC-RICORD-1C-419639-003112-60777-1.png,2
MIDRC-RICORD-1C-SITE2-000133-74142-0.png,2
MIDRC-RICORD-1C-440808-000011-8.122-0.png,2
MIDRC-RICORD-1C-440808-000008-8.330-0.png,3
MIDRC-RICORD-1C-419639-002798-44651-1.png,2
COVID(370).png,2
COVID(678).png,2
MIDRC-RICORD-1C-419639-002079-50657-1.png,2
COVID(674).png,1
COVID(352).png,3
MIDRC-RICORD-1C-419639-000484-18850-1.png,3
COVID(671).png,1
COVID(731).png,2
COVID(814).png,4
MIDRC-RICORD-1C-440808-000003-8.397-0.png,1
MIDRC-RICORD-1C-419639-000331-20532-0.png,1
COVID(695).png,1
MIDRC-RICORD-1C-SITE2-000089-11126-0.png,2
1.CXRCTThoraximagesofCOVID-19fromSingapore.pdf-000-fig1b.png,1
MIDRC-RICORD-1C-SITE2-000216-94016-1.png,2
MIDRC-RICORD-1C-419639-003013-75738-1.png,2
MIDRC-RICORD-1C-SITE2-000172-80464-0.png,2
COVID(888).png,2
COVID(105).png,2
MIDRC-RICORD-1C-SITE2-000199-61255-0.png,2
COVID-00022.jpg,1
MIDRC-RICORD-1C-419639-003220-02012-1.png,2
11547_2020_1200_Fig2_HTML-b.png,2
COVID(776).png,2
MIDRC-RICORD-1C-SITE2-000175-01747-0.png,2
COVID(488).png,0
COVID(444).png,0
MIDRC-RICORD-1C-SITE2-000224-40858-0.png,2
COVID(177).png,3
COVID(909).png,3
COVID(248).png,2
MIDRC-RICORD-1C-SITE2-000046-88354-0.png,3
MIDRC-RICORD-1C-SITE2-000065-62836-0.png,2
COVID(532).png,0
COVID(898).png,2
MIDRC-RICORD-1C-419639-002195-26590-0.png,1
COVID(748).png,2
radiol.2020200274.fig3d.png,3
MIDRC-RICORD-1C-419639-002798-49366-0.png,2
COVID(890).png,2
COVID(690).png,3
10.1016-slash-j.jhin.2020.03.036.png,2
MIDRC-RICORD-1C-419639-000331-65699-0.png,2
COVID(309).png,2
COVID(71).png,3
COVID(643).png,2
covid-19-pneumonia-49-day4.jpg,2
COVID(587).png,2
MIDRC-RICORD-1C-419639-000303-38640-0.png,1
3eaf15de91d4ff55e6fb0e04cadb81_jumbo.jpeg,3
MIDRC-RICORD-1C-419639-003220-45514-0.png,2
COVID(504).png,2
MIDRC-RICORD-1C-SITE2-000139-44010-0.png,3
MIDRC-RICORD-1C-419639-000361-36671-1.png,2
MIDRC-RICORD-1C-419639-003154-35008-5.png,2
MIDRC-RICORD-1C-419639-000613-76359-0.png,2
MIDRC-RICORD-1C-419639-003112-00480-0.png,2
MIDRC-RICORD-1C-419639-002798-44148-0.png,2
MIDRC-RICORD-1C-419639-002884-63532-1.png,2
COVID(166).png,2
MIDRC-RICORD-1C-419639-000906-63294-1.png,2
1-s2.0-S1341321X20301124-gr3_lrg-d.png,2
COVID(343).png,2
COVID(870).png,3
MIDRC-RICORD-1C-SITE2-000247-25535-0.png,1
COVID(735).png,3
yxppt-2020-02-19_00-51-27_287214-day10.jpg,2
COVID(449).png,3
MIDRC-RICORD-1C-419639-002887-10221-0.png,2
COVID(835).png,2
COVID(510).png,3
COVID(524).png,2
COVID(192).png,2
MIDRC-RICORD-1C-419639-001446-18929-0.png,1
COVID(938).png,3
COVID(698).png,2
MIDRC-RICORD-1C-SITE2-000242-58400-0.png,3
COVID(255).png,0
COVID(333).png,2
COVID(744).png,1
COVID(335).png,2
COVID(291).png,2
MIDRC-RICORD-1C-419639-000331-64221-1.png,2
MIDRC-RICORD-1C-440808-000002-8.107-0.png,3
MIDRC-RICORD-1C-SITE2-000219-34485-0.png,2
COVID-00009.jpg,0
COVID(836).png,2
COVID(217).png,1
MIDRC-RICORD-1C-SITE2-000253-10263-0.png,1
COVID(409).png,2
MIDRC-RICORD-1C-SITE2-000252-60630-0.png,2
article_river_1a00a3c07ea311eab70491c6fb93d336-figure-2.png,4
447d65b38231a1031586b304bc5837_jumbo.jpeg,1
MIDRC-RICORD-1C-SITE2-000252-32327-0.png,2
1.CXRCTThoraximagesofCOVID-19fromSingapore.pdf-003-fig4b.png,2
COVID(687).png,1
MIDRC-RICORD-1C-419639-001647-89457-0.png,1
COVID(39).png,2
MIDRC-RICORD-1C-SITE2-000267-81231-0.png,2
COVID(406).png,0
COVID(1).png,2
MIDRC-RICORD-1C-SITE2-000266-04519-0.png,2
MIDRC-RICORD-1C-419639-001122-33498-0.png,3
MIDRC-RICORD-1C-SITE2-000219-20644-0.png,2
MIDRC-RICORD-1C-419639-000771-24000-0.png,3
MIDRC-RICORD-1C-SITE2-000080-96343-0.png,2
COVID-00021.jpg,3
COVID(853).png,3
COVID(40).png,2
COVID(727).png,2
5ed7d0109672bdd3d58a7db7841f6a_jumbo.jpeg,3
COVID(48).png,3
COVID(19).png,2
COVID(147).png,2
1-s2.0-S0889159120306851-gr2b_lrg.jpg,2
COVID(858).png,2
MIDRC-RICORD-1C-SITE2-000137-87199-0.png,2
MIDRC-RICORD-1C-419639-002911-31907-1.png,2
covid-19-pneumonia-41-day-2.jpg,2
COVID(269).png,2
COVID(229).png,2
MIDRC-RICORD-1C-419639-000906-18706-1.png,2
radiol.2020201160.fig2d.jpeg,3
COVID(382).png,1
nejmoa2001191_f3-PA.jpeg,1
COVID(910).png,3
MIDRC-RICORD-1C-SITE2-000089-88967-0.png,2
COVID(817).png,2
1-s2.0-S1341321X20301124-gr3_lrg-e.png,2
COVID(184).png,1
COVID(875).png,2
MIDRC-RICORD-1C-419639-003210-91810-0.png,2
all14238-fig-0002-m-f.jpg,3
COVID(118).png,3
COVID(299).png,2
COVID(76).png,1
COVID(612).png,1
COVID(904).png,2
MIDRC-RICORD-1C-419639-000959-65337-0.png,2
MIDRC-RICORD-1C-SITE2-000090-56799-0.png,2
COVID(96).png,2
MIDRC-RICORD-1C-419639-003003-16582-0.png,2
MIDRC-RICORD-1C-SITE2-000118-93390-0.png,2
COVID(480).png,1
MIDRC-RICORD-1C-SITE2-000186-51802-0.png,2
covid-19-pneumonia-101.png,2
COVID(379).png,1
ryct.2020003.fig2-c.png,2
MIDRC-RICORD-1C-SITE2-000252-30106-0.png,1
COVID(947).png,1
MIDRC-RICORD-1C-440808-000017-8.382-0.png,2
COVID-00045.png,2
COVID(414).png,2
ryct.2020003.fig2-a.png,2
MIDRC-RICORD-1C-SITE2-000103-05522-0.png,2
COVID(225).png,2
COVID(844).png,3
MIDRC-RICORD-1C-419639-002972-53927-0.png,2
MIDRC-RICORD-1C-419639-002079-28098-0.png,3
COVID(925).png,2
MIDRC-RICORD-1C-419639-001214-89985-0.png,3
COVID(834).png,2
COVID(338).png,2
MIDRC-RICORD-1C-419639-002260-26595-0.png,1
COVID(148).png,2
CR.1.2.840.113564.1722810170.20200416110930703890.1003000225002.png,2
COVID(686).png,4
COVID(187).png,3
COVID(386).png,0
COVID(895).png,4
MIDRC-RICORD-1C-SITE2-000199-55266-0.png,1
MIDRC-RICORD-1C-SITE2-000251-74806-0.png,2
MIDRC-RICORD-1C-SITE2-000062-92860-0.png,2
COVID(332).png,3
MIDRC-RICORD-1C-SITE2-000259-54753-0.png,2
COVID(539).png,1
MIDRC-RICORD-1C-419639-000766-96128-0.png,2
COVID(351).png,3
COVID(404).png,2
MIDRC-RICORD-1C-440808-000004-08.73-0.png,2
MIDRC-RICORD-1C-419639-001863-49330-0.png,2
MIDRC-RICORD-1C-419639-001122-44476-0.png,2
COVID(413).png,3
296_2020_4584_Fig2_HTML-c.png,1
MIDRC-RICORD-1C-SITE2-000241-05244-0.png,2
COVID(481).png,2
MIDRC-RICORD-1C-419639-000331-66524-0.png,1
COVID(88).png,1
MIDRC-RICORD-1C-419639-000766-39157-0.png,2
COVID(565).png,2
nejmoa2004500_f1-a.png,2
41379_2020_536_Fig2_HTML-c1.png,3
COVID(688).png,2
COVID(134).png,2
MIDRC-RICORD-1C-SITE2-000026-29087-0.png,2
MIDRC-RICORD-1C-419639-003210-36118-1.png,2
COVID(284).png,1
1.CXRCTThoraximagesofCOVID-19fromSingapore.pdf-001-fig2a.png,1
MIDRC-RICORD-1C-419639-000906-39490-1.png,2
COVID(951).png,2
COVID(84).png,2
MIDRC-RICORD-1C-419639-003154-35008-2.png,2
MIDRC-RICORD-1C-SITE2-000133-96797-0.png,0
MIDRC-RICORD-1C-SITE2-000186-47380-1.png,1
MIDRC-RICORD-1C-SITE2-000274-41440-0.png,1
MIDRC-RICORD-1C-419639-000906-33256-1.png,2
1-s2.0-S2387020620301959-gr4_lrg-b.png,2
COVID(206).png,2
nejmc2001573_f1b.jpeg,2
MIDRC-RICORD-1C-419639-002267-98558-0.png,1
MIDRC-RICORD-1C-SITE2-000198-99794-1.png,1
COVID(787).png,3
COVID(195).png,3
COVID(957).png,3
MIDRC-RICORD-1C-419639-002884-04199-0.png,3
MIDRC-RICORD-1C-419639-000418-49559-0.png,1
MIDRC-RICORD-1C-SITE2-000089-06573-1.png,1
078d2e0b3e4fec1d603efb0e818c31_jumbo.jpeg,2
MIDRC-RICORD-1C-419639-001646-41990-0.png,2
COVID(289).png,5
COVID(312).png,3
ryct.2020200034.fig5-day7.jpeg,2
MIDRC-RICORD-1C-419639-000906-33603-0.png,2
MIDRC-RICORD-1C-SITE2-000293-08892-0.png,3
MIDRC-RICORD-1C-419639-001555-00521-0.png,2
MIDRC-RICORD-1C-419639-003269-57505-1.png,3
DX.1.2.840.113564.1722810162.20200405142816863980.1203801020003.png,2
COVID(646).png,1
MIDRC-RICORD-1C-419639-002649-34990-0.png,3
MIDRC-RICORD-1C-419639-000800-04262-0.png,2
COVID(273).png,2
COVID(726).png,3
COVID(677).png,2
MIDRC-RICORD-1C-419639-000331-42010-1.png,1
MIDRC-RICORD-1C-SITE2-000025-81457-0.png,3
COVID(453).png,1
MIDRC-RICORD-1C-SITE2-000259-05251-0.png,1
MIDRC-RICORD-1C-SITE2-000021-46890-0.png,2
COVID(321).png,3
kjr-21-e25-g001-l-a.jpg,2
MIDRC-RICORD-1C-SITE2-000199-54181-0.png,1
COVID(455).png,2
COVID(845).png,2
COVID(220).png,2
COVID(398).png,0
MIDRC-RICORD-1C-SITE2-000062-06327-0.png,3
tpmd200203f2-c.png,1
COVID(98).png,1
COVID(482).png,3
COVID(431).png,2
MIDRC-RICORD-1C-419639-000800-40610-0.png,3
2d8a60a26381b256a5a6373708950e_jumbo.jpeg,3
COVID(712).png,2
COVID(626).png,2
COVID(388).png,1
BMJ-37-163-g1.jpg,1
covid-19-pneumonia-58-day-3.jpg,1
COVID(23).png,1
COVID(324).png,1
MIDRC-RICORD-1C-419639-001596-22539-0.png,2
COVID(922).png,2
MIDRC-RICORD-1C-419639-001012-17560-1.png,2
11547_2020_1203_Fig2_HTML-c.png,3
MIDRC-RICORD-1C-419639-000331-19142-0.png,3
MIDRC-RICORD-1C-SITE2-000085-83466-0.png,3
COVID(378).png,3
MIDRC-RICORD-1C-419639-001446-46934-0.png,1
MIDRC-RICORD-1C-419639-002190-57058-0.png,2
MIDRC-RICORD-1C-419639-000906-03183-0.png,2
COVID(596).png,0
COVID(676).png,2
COVID(745).png,2
COVID(779).png,3
COVID(653).png,1
MIDRC-RICORD-1C-419639-002884-43808-0.png,2
COVID(25).png,1
MIDRC-RICORD-1C-419639-001021-79425-0.png,3
MIDRC-RICORD-1C-SITE2-000252-98900-0.png,2
MIDRC-RICORD-1C-SITE2-000036-23357-1.png,1
MIDRC-RICORD-1C-419639-000361-08073-0.png,2
COVID(153).png,3
MIDRC-RICORD-1C-419639-002798-55120-1.png,2
1-s2.0-S1521661620303314-gr1_lrg-b.png,2
MIDRC-RICORD-1C-SITE2-000245-67988-0.png,2
COVID(82).png,2
COVID(387).png,0
COVID(517).png,1
COVID(580).png,1
MIDRC-RICORD-1C-SITE2-000175-69094-0.png,3
MIDRC-RICORD-1C-SITE2-000089-06573-0.png,2
MIDRC-RICORD-1C-SITE2-000129-45395-0.png,1
MIDRC-RICORD-1C-SITE2-000057-93381-0.png,2
COVID(598).png,0
MIDRC-RICORD-1C-SITE2-000052-97543-1.png,3
COVID(523).png,2
COVID-00012.jpg,2
MIDRC-RICORD-1C-419639-003094-61633-0.png,1
COVID(16).png,1
COVID(616).png,4
COVID(764).png,2
08ed451c576ee00935ee178ec85c57_jumbo-1.jpeg,4
MIDRC-RICORD-1C-419639-003269-27033-0.png,2
COVID(945).png,4
COVID(342).png,3
MIDRC-RICORD-1C-SITE2-000241-70752-0.png,2
MIDRC-RICORD-1C-419639-002798-37114-0.png,2
MIDRC-RICORD-1C-SITE2-000252-21053-0.png,2
COVID(462).png,1
COVID(288).png,1
MIDRC-RICORD-1C-419639-001634-66286-0.png,3
COVID(589).png,2
MIDRC-RICORD-1C-419639-001214-48150-1.png,2
COVID(145).png,2
MIDRC-RICORD-1C-419639-003112-48985-0.png,2
MIDRC-RICORD-1C-419639-002079-18032-0.png,3
MIDRC-RICORD-1C-419639-000758-68609-0.png,2
COVID(935).png,2
covid-19-pneumonia-58-day-7.jpg,3
MIDRC-RICORD-1C-419639-000331-06111-0.png,2
COVID(586).png,3
COVID(828).png,2
MIDRC-RICORD-1C-440808-000014-8.201-0.png,3
COVID(631).png,2
MIDRC-RICORD-1C-419639-000331-00089-1.png,3
MIDRC-RICORD-1C-419639-002972-12730-1.png,3
COVID(287).png,2
COVID(753).png,1
MIDRC-RICORD-1C-419639-002079-84578-1.png,2
MIDRC-RICORD-1C-419639-001122-40057-0.png,2
COVID(555).png,1
COVID(707).png,1
MIDRC-RICORD-1C-440808-000003-08.24-0.png,1
MIDRC-RICORD-1C-SITE2-000057-48953-0.png,2
MIDRC-RICORD-1C-419639-002798-43115-0.png,2
COVID(490).png,2
COVID(541).png,2
COVID(451).png,1
MIDRC-RICORD-1C-SITE2-000062-34159-0.png,1
COVID(471).png,2
MIDRC-RICORD-1C-SITE2-000216-99559-0.png,2
4ad30bc6-2da0-4f84-bc9b-62acabfd518a.annot.original.png,2
MIDRC-RICORD-1C-419639-000758-13795-0.png,2
COVID(211).png,2
MIDRC-RICORD-1C-419639-000800-62949-1.png,4
COVID(569).png,0
COVID(918).png,1
COVID(635).png,2
COVID(672).png,1
MIDRC-RICORD-1C-440808-000001-8.230-0.png,3
COVID(763).png,2
COVID(819).png,4
COVID(593).png,4
COVID(469).png,2
COVID(543).png,4
MIDRC-RICORD-1C-SITE2-000042-17058-0.png,2
COVID(223).png,2
MIDRC-RICORD-1C-419639-000481-89988-0.png,2
MIDRC-RICORD-1C-419639-001012-17560-0.png,2
MIDRC-RICORD-1C-SITE2-000256-98463-0.png,3
10.1016-slash-j.healun.2020.04.004.jpg,2
COVID(863).png,1
MIDRC-RICORD-1C-SITE2-000022-11669-1.png,2
MIDRC-RICORD-1C-419639-003029-68072-1.png,1
MIDRC-RICORD-1C-SITE2-000224-47140-0.png,1
COVID(239).png,1
MIDRC-RICORD-1C-419639-000331-97850-0.png,2
MIDRC-RICORD-1C-SITE2-000241-91261-0.png,1
MIDRC-RICORD-1C-SITE2-000199-35392-0.png,1
COVID(161).png,0
COVID(236).png,1
MIDRC-RICORD-1C-SITE2-000133-76298-0.png,2
MIDRC-RICORD-1C-419639-003112-00480-1.png,2
COVID(619).png,2
COVID(507).png,3
MIDRC-RICORD-1C-419639-002261-70507-0.png,1
MIDRC-RICORD-1C-440808-000005-8.371-0.png,2
MIDRC-RICORD-1C-419639-000800-57587-0.png,2
covid-19-pneumonia-8.jpg,0
MIDRC-RICORD-1C-419639-000758-68844-2.png,2
MIDRC-RICORD-1C-419639-003112-32348-0.png,2
COVID(891).png,2
MIDRC-RICORD-1C-419639-002884-88181-1.png,2
MIDRC-RICORD-1C-419639-002261-70507-1.png,1
MIDRC-RICORD-1C-SITE2-000268-72371-0.png,2
COVID(937).png,2
MIDRC-RICORD-1C-419639-000959-13337-0.png,2
MIDRC-RICORD-1C-419639-002798-32461-0.png,2
MIDRC-RICORD-1C-419639-003269-78603-1.png,2
MIDRC-RICORD-1C-SITE2-000184-45784-0.png,2
MIDRC-RICORD-1C-419639-000800-52294-1.png,2
MIDRC-RICORD-1C-419639-001863-90674-0.png,3
MIDRC-RICORD-1C-SITE2-000198-82409-1.png,0
COVID(411).png,1
68_2020_1364_Fig1_HTML-b.png,2
COVID(17).png,1
COVID(204).png,1
10.1016-slash-j.anl.2020.04.002-a.png,1
MIDRC-RICORD-1C-419639-001122-44476-1.png,2
MIDRC-RICORD-1C-SITE2-000224-85763-1.png,2
MIDRC-RICORD-1C-SITE2-000252-33501-0.png,2
COVID-00039c.jpg,2
COVID(396).png,2
COVID-00048.png,1
78b60346d1b3bce85353b6dc462d75_jumbo.jpeg,2
MIDRC-RICORD-1C-SITE2-000262-41467-0.png,1
radiol.2020201160.fig3b.jpeg,1
COVID(699).png,1
COVID(410).png,3
MIDRC-RICORD-1C-SITE2-000252-71651-0.png,1
MIDRC-RICORD-1C-440808-000014-8.241-0.png,2
MIDRC-RICORD-1C-SITE2-000276-76604-0.png,2
MIDRC-RICORD-1C-SITE2-000251-96070-0.png,2
COVID(590).png,3
COVID(843).png,2
MIDRC-RICORD-1C-SITE2-000101-62268-1.png,2
COVID(428).png,5
MIDRC-RICORD-1C-419639-003269-34317-0.png,2
jkms-35-e79-g001-l-c.jpg,2
MIDRC-RICORD-1C-SITE2-000167-20021-0.png,2
radiol.2020201160.fig2b.jpeg,2
ansu-publish-ahead-of-print-10.1097.sla.0000000000003955-g001-c.png,2
1-s2.0-S2387020620301959-gr4_lrg-c.png,2
MIDRC-RICORD-1C-419639-001021-70737-0.png,2
COVID(302).png,2
MIDRC-RICORD-1C-419639-003013-21691-1.png,2
COVID-00006.jpg,2
COVID(901).png,2
MIDRC-RICORD-1C-440808-000015-8.336-0.png,2
MIDRC-RICORD-1C-SITE2-000026-22525-0.png,1
MIDRC-RICORD-1C-419639-001122-66099-0.png,2
COVID(268).png,3
MIDRC-RICORD-1C-SITE2-000249-35888-0.png,1
COVID(426).png,1
COVID(401).png,1
COVID(723).png,3
COVID(827).png,2
COVID(397).png,1
COVID(154).png,1
COVID(774).png,2
MIDRC-RICORD-1C-419639-002079-40903-0.png,2
MIDRC-RICORD-1C-419639-000238-46556-0.png,1
MIDRC-RICORD-1C-419639-001214-75105-0.png,1
COVID(251).png,2
COVID(718).png,2
COVID(5).png,1
MIDRC-RICORD-1C-419639-000906-18706-0.png,2
COVID(433).png,3
MIDRC-RICORD-1C-419639-000906-04484-0.png,2
MIDRC-RICORD-1C-440808-000012-8.406-0.png,2
MIDRC-RICORD-1C-419639-000758-41183-0.png,2
COVID(362).png,2
COVID(355).png,2
COVID(667).png,2
COVID(533).png,0
MIDRC-RICORD-1C-419639-003220-70154-0.png,3
MIDRC-RICORD-1C-SITE2-000259-58063-0.png,3
COVID(132).png,1
MIDRC-RICORD-1C-419639-002260-26595-1.png,1
ansu-publish-ahead-of-print-10.1097.sla.0000000000003955-g001-d.png,5
COVID(562).png,0
ryct.2020200034.fig5-day4.jpeg,3
COVID-00024.jpg,2
COVID(751).png,2
MIDRC-RICORD-1C-SITE2-000133-37059-0.png,1
COVID(244).png,2
COVID(421).png,3
COVID(630).png,3
COVID(274).png,2
COVID(313).png,3
MIDRC-RICORD-1C-419639-003154-35008-1.png,2
MIDRC-RICORD-1C-SITE2-000012-09172-0.png,1
MIDRC-RICORD-1C-SITE2-000252-32327-1.png,2
extubation-8.jpg,2
MIDRC-RICORD-1C-419639-001863-90674-1.png,2
MIDRC-RICORD-1C-SITE2-000243-71385-0.png,1
MIDRC-RICORD-1C-419639-000758-27539-1.png,2
DX.1.2.840.113564.1722810162.202003241226081857.1203801020003.png,2
COVID(749).png,2
MIDRC-RICORD-1C-SITE2-000080-27875-0.png,2
MIDRC-RICORD-1C-SITE2-000042-90941-0.png,2
MIDRC-RICORD-1C-SITE2-000145-53338-0.png,2
COVID(75).png,1
1-s2.0-S2214250920300706-gr1_lrg.jpg,1
MIDRC-RICORD-1C-419639-000906-39490-0.png,2
MIDRC-RICORD-1C-440808-000005-8.385-0.png,3
MIDRC-RICORD-1C-419639-002079-52138-0.png,3
MIDRC-RICORD-1C-419639-001021-23657-1.png,2
MIDRC-RICORD-1C-419639-001863-67434-0.png,2
COVID(175).png,1
MIDRC-RICORD-1C-419639-003087-04860-0.png,1
MIDRC-RICORD-1C-419639-001021-58569-0.png,2
MIDRC-RICORD-1C-440808-000014-8.264-0.png,3
COVID(350).png,2
gr2_lrg-c.png,2
COVID(29).png,2
CR.1.2.840.113564.1722810170.20200320170359875720.1003000225002.png,2
COVID(226).png,4
MIDRC-RICORD-1C-SITE2-000269-64461-0.png,2
COVID(12).png,2
MIDRC-RICORD-1C-419639-002904-84203-0.png,0
COVID(705).png,2
MIDRC-RICORD-1C-SITE2-000199-37966-0.png,1
MIDRC-RICORD-1C-419639-002592-25226-0.png,1
MIDRC-RICORD-1C-419639-000800-93064-0.png,1
MIDRC-RICORD-1C-419639-000906-47409-0.png,2
MIDRC-RICORD-1C-SITE2-000292-85151-0.png,2
COVID(738).png,1
MIDRC-RICORD-1C-440808-000004-8.110-0.png,2
MIDRC-RICORD-1C-419639-001285-19619-0.png,3
MIDRC-RICORD-1C-419639-003235-44504-0.png,2
COVID(405).png,0
MIDRC-RICORD-1C-419639-001336-83365-0.png,3
MIDRC-RICORD-1C-419639-001214-75105-1.png,2
COVID(525).png,2
COVID(222).png,2
10.1016-slash-j.hrcr.2020.04.015-fig3-b.png,1
COVID(732).png,1
COVID(307).png,1
COVID(277).png,1
MIDRC-RICORD-1C-SITE2-000261-86202-0.png,2
MIDRC-RICORD-1C-SITE2-000086-62343-0.png,3
MIDRC-RICORD-1C-419639-001214-36509-0.png,2
MIDRC-RICORD-1C-419639-002649-41013-0.png,3
MIDRC-RICORD-1C-SITE2-000269-71352-0.png,2
MIDRC-RICORD-1C-419639-003307-43105-0.png,3
1-s2.0-S1931312820301852-gr1_lrg-c.png,1
COVID(550).png,2
covid-19-pneumonia-progression-and-regression-day28.jpg,2
41379_2020_536_Fig2_HTML-c2.png,3
COVID(583).png,3
10.1016-slash-j.crad.2020.04.002-b.png,1
COVID(491).png,2
COVID(221).png,2
COVID(500).png,2
COVID(89).png,2
COVID(339).png,3
COVID(374).png,2
MIDRC-RICORD-1C-440808-000012-8.169-0.png,2
COVID(722).png,0
MIDRC-RICORD-1C-419639-002372-32466-0.png,2
COVID(361).png,5
MIDRC-RICORD-1C-419639-002904-36016-0.png,0
COVID(144).png,2
MIDRC-RICORD-1C-419639-001214-41531-0.png,3
COVID(67).png,3
CR.1.2.840.113564.1722810170.20200416105826265860.1003000225002.png,2
fff49165-b22d-4bb4-b9d1-d5d62c52436c.annot.original.png,2
COVID(809).png,4
COVID(241).png,3
lightbox_78f27a80685411ea93cde791fb7cd172-CXR.png,2
MIDRC-RICORD-1C-419639-002884-67077-0.png,2
COVID(391).png,2
MIDRC-RICORD-1C-SITE2-000104-14246-0.png,3
COVID(117).png,3
MIDRC-RICORD-1C-419639-001060-92092-0.png,2
DX.1.2.840.113564.1722810162.20200325102716421950.1203801020003.png,2
COVID(820).png,4
COVID(69).png,0
MIDRC-RICORD-1C-SITE2-000107-25118-0.png,2
gr2_lrg-b.png,2
MIDRC-RICORD-1C-440808-000008-08.50-0.png,2
MIDRC-RICORD-1C-440808-000010-8.184-0.png,2
MIDRC-RICORD-1C-419639-001012-56926-0.png,2
COVID(435).png,2
c94ef38ddb2d94aa11828716777139_jumbo.jpeg,3
MIDRC-RICORD-1C-419639-003185-64353-1.png,1
COVID(673).png,1
COVID(44).png,2
1-s2.0-S1931312820301852-gr1_lrg-b.png,2
COVID(464).png,2
MIDRC-RICORD-1C-SITE2-000148-44042-0.png,1
COVID(721).png,4
nejmoa2001191_f4.jpeg,1
COVID(644).png,1
COVID(64).png,2
MIDRC-RICORD-1C-SITE2-000197-89069-0.png,1
COVID(373).png,2
ansu-publish-ahead-of-print-10.1097.sla.0000000000003955-g001-f.png,2
MIDRC-RICORD-1C-SITE2-000224-50442-0.png,2
MIDRC-RICORD-1C-419639-000484-56426-0.png,5
MIDRC-RICORD-1C-419639-001336-07436-0.png,4
MIDRC-RICORD-1C-SITE2-000255-89235-0.png,3
MIDRC-RICORD-1C-SITE2-000175-18979-0.png,3
tpmd200203f2-b.png,1
COVID(571).png,1
MIDRC-RICORD-1C-440808-000001-8.137-0.png,1
MIDRC-RICORD-1C-SITE2-000184-70364-0.png,2
MIDRC-RICORD-1C-SITE2-000084-71242-1.png,1
MIDRC-RICORD-1C-419639-001975-40168-0.png,2
MIDRC-RICORD-1C-SITE2-000047-43901-0.png,1
270_2020_2470_Fig1_HTML-a.png,2
MIDRC-RICORD-1C-419639-000303-38640-1.png,1
COVID(689).png,2
COVID(608).png,3
COVID(334).png,2
COVID(473).png,3
COVID(746).png,2
MIDRC-RICORD-1C-419639-001021-03510-0.png,2
58cb9263f16e94305c730685358e4e_jumbo.jpeg,2
COVID(267).png,1
covid-19-pneumonia-53.jpg,1
MIDRC-RICORD-1C-419639-001122-71188-0.png,2
COVID(849).png,2
COVID(399).png,1
COVID(369).png,3
COVID(796).png,3
MIDRC-RICORD-1C-440808-000018-8.448-0.png,3
COVID(235).png,2
MIDRC-RICORD-1C-419639-000800-65933-0.png,3
MIDRC-RICORD-1C-419639-001021-82590-0.png,2
MIDRC-RICORD-1C-419639-003089-37417-0.png,1
MIDRC-RICORD-1C-419639-002887-24181-0.png,1
MIDRC-RICORD-1C-419639-000800-52294-0.png,2
MIDRC-RICORD-1C-419639-000771-67048-0.png,2
COVID(785).png,1
COVID(681).png,1
41591_2020_819_Fig1_HTML.webp-day10.png,1
COVID(80).png,2
COVID(295).png,2
COVID(770).png,3
COVID(905).png,1
MIDRC-RICORD-1C-419639-000800-34589-0.png,2
MIDRC-RICORD-1C-SITE2-000057-91334-0.png,3
MIDRC-RICORD-1C-419639-000361-96664-0.png,2
COVID(32).png,1
MIDRC-RICORD-1C-419639-001634-85920-0.png,2
MIDRC-RICORD-1C-419639-000906-63294-0.png,2
COVID(534).png,1
COVID(21).png,2
MIDRC-RICORD-1C-SITE2-000205-14473-0.png,1
COVID(647).png,2
MIDRC-RICORD-1C-419639-002904-84203-1.png,0
MIDRC-RICORD-1C-419639-001336-43772-0.png,2
COVID(747).png,1
MIDRC-RICORD-1C-SITE2-000197-41761-0.png,2
MIDRC-RICORD-1C-419639-001021-23657-0.png,3
MIDRC-RICORD-1C-419639-002190-57254-0.png,2
COVID(823).png,3
COVID(232).png,1
covid-19-pneumonia-35-1.jpg,1
COVID(514).png,1
COVID(37).png,3
MIDRC-RICORD-1C-SITE2-000252-73144-0.png,1
COVID(942).png,2
MIDRC-RICORD-1C-419639-003220-02012-0.png,2
MIDRC-RICORD-1C-SITE2-000261-61845-0.png,2
1-s2.0-S1684118220300682-main.pdf-002-a2.png,1
MIDRC-RICORD-1C-419639-002798-21752-0.png,3
1-s2.0-S2214250920300706-gr5_lrg.jpg,3
MIDRC-RICORD-1C-419639-002079-19182-0.png,2
296_2020_4584_Fig2_HTML-a.png,1
COVID(837).png,2
COVID(234).png,1
MIDRC-RICORD-1C-419639-000800-57587-1.png,2
MIDRC-RICORD-1C-419639-001214-08999-1.png,2
COVID(18).png,3
COVID(873).png,4
MIDRC-RICORD-1C-SITE2-000190-27714-0.png,2
COVID(509).png,2
10.1016-slash-j.cardfail.2020.04.007-a.png,3
COVID(548).png,1
MIDRC-RICORD-1C-419639-000771-33725-0.png,1
COVID(757).png,1
MIDRC-RICORD-1C-SITE2-000253-45928-0.png,1
MIDRC-RICORD-1C-419639-002863-17388-0.png,3
MIDRC-RICORD-1C-SITE2-000285-32471-0.png,2
MIDRC-RICORD-1C-419639-000906-03919-1.png,2
MIDRC-RICORD-1C-SITE2-000252-21175-0.png,2
MIDRC-RICORD-1C-419639-001687-45786-0.png,2
COVID(505).png,2
MIDRC-RICORD-1C-SITE2-000259-69929-0.png,3
MIDRC-RICORD-1C-419639-001060-15510-0.png,2
1-s2.0-S1684118220300372-gr1_lrg-a.png,2
MIDRC-RICORD-1C-SITE2-000062-85716-0.png,2
auntminnie-a-2020_01_28_23_51_6665_2020_01_28_Vietnam_coronavirus.jpeg,1
MIDRC-RICORD-1C-419639-000361-88993-0.png,2
COVID(59).png,2
COVID(734).png,3
all14238-fig-0002-m-e.jpg,2
MIDRC-RICORD-1C-SITE2-000253-53016-0.png,1
COVID(908).png,2
MIDRC-RICORD-1C-440808-000011-8.388-0.png,2
MIDRC-RICORD-1C-419639-000771-43112-0.png,3
COVID(584).png,3
MIDRC-RICORD-1C-419639-001021-99551-0.png,2
MIDRC-RICORD-1C-SITE2-000285-50266-0.png,2
MIDRC-RICORD-1C-419639-003112-17041-1.png,2
MIDRC-RICORD-1C-440808-000018-8.365-0.png,1
COVID(497).png,2
COVID(24).png,2
MIDRC-RICORD-1C-SITE2-000266-49750-0.png,2
MIDRC-RICORD-1C-419639-003235-85590-0.png,2
CR.1.2.840.113564.1722810170.20200320011259312440.1003000225002.png,3
MIDRC-RICORD-1C-419639-003307-98046-0.png,4
1-s2.0-S1684118220300682-main.pdf-002-a1.png,1
MIDRC-RICORD-1C-SITE2-000253-76378-0.png,1
MIDRC-RICORD-1C-419639-003154-07283-0.png,1
MIDRC-RICORD-1C-419639-000481-91439-0.png,3
MIDRC-RICORD-1C-SITE2-000163-04510-0.png,2
MIDRC-RICORD-1C-SITE2-000006-20879-0.png,2
COVID(955).png,4
1.CXRCTThoraximagesofCOVID-19fromSingapore.pdf-001-fig2b.png,1
MIDRC-RICORD-1C-SITE2-000224-63778-0.png,1
COVID(887).png,1
COVID(26).png,2
1-s2.0-S2214250920300834-gr1_lrg-c.png,2
MIDRC-RICORD-1C-SITE2-000241-34883-0.png,2
1.CXRCTThoraximagesofCOVID-19fromSingapore.pdf-002-fig3a.png,1
MIDRC-RICORD-1C-SITE2-000242-07550-0.png,3
MIDRC-RICORD-1C-SITE2-000101-62268-0.png,4
9fdd3c3032296fd04d2cad5d9070d4_jumbo.jpeg,1
thnov10p5641g006-c.png,2
MIDRC-RICORD-1C-419639-000800-85841-0.png,2
MIDRC-RICORD-1C-SITE2-000245-40352-0.png,2
270_2020_2470_Fig1_HTML-b.png,2
article_river_2a361d607ea311ea95dbcf0c95d13492-figure-4.png,2
MIDRC-RICORD-1C-SITE2-000175-47335-0.png,2
MIDRC-RICORD-1C-419639-001214-08999-0.png,2
COVID(172).png,3
gr1_lrg-b.jpg,1
MIDRC-RICORD-1C-440808-000001-8.275-0.png,3
11547_2020_1203_Fig1_HTML-a.png,3
COVID(638).png,3
COVID(950).png,2
COVID(758).png,3
auntminnie-b-2020_01_28_23_51_6665_2020_01_28_Vietnam_coronavirus.jpeg,3
MIDRC-RICORD-1C-SITE2-000212-05191-0.png,2
COVID(789).png,2
MIDRC-RICORD-1C-419639-002372-32466-1.png,3
MIDRC-RICORD-1C-419639-001012-17560-2.png,2
COVID(282).png,1
COVID(422).png,2
COVID(561).png,1
post-intubuation-pneumomediastium-and-pneumothorax-background-covid-19-pneumonia-day7.jpg,1
COVID(778).png,1
MIDRC-RICORD-1C-SITE2-000184-70034-0.png,1
COVID(663).png,2
COVID(416).png,3
COVID(923).png,4
DX.1.2.840.113564.1722810162.20200326123552855170.1203801020003.png,1
MIDRC-RICORD-1C-419639-001464-63464-0.png,1
MIDRC-RICORD-1C-419639-001464-32013-0.png,2
MIDRC-RICORD-1C-SITE2-000097-16347-1.png,1
MIDRC-RICORD-1C-419639-002376-07504-0.png,1
MIDRC-RICORD-1C-419639-001464-82193-0.png,3
MIDRC-RICORD-1C-SITE2-000291-42841-0.png,2
MIDRC-RICORD-1C-419639-002310-52924-0.png,1
MIDRC-RICORD-1C-440808-000020-8.458-0.png,1
MIDRC-RICORD-1C-419639-000025-56001-0.png,1
MIDRC-RICORD-1C-419639-003340-85716-0.png,1
MIDRC-RICORD-1C-419639-003318-64285-0.png,1
MIDRC-RICORD-1C-SITE2-000200-97745-0.png,2
MIDRC-RICORD-1C-SITE2-000217-73086-0.png,3
MIDRC-RICORD-1C-419639-000025-53641-0.png,2
MIDRC-RICORD-1C-419639-003060-04928-0.png,1
MIDRC-RICORD-1C-SITE2-000265-99793-1.png,1
MIDRC-RICORD-1C-419639-001464-53024-0.png,2
MIDRC-RICORD-1C-419639-002929-69159-0.png,1
MIDRC-RICORD-1C-419639-001464-33260-0.png,2
MIDRC-RICORD-1C-419639-001085-09031-0.png,1
MIDRC-RICORD-1C-419639-003027-36839-0.png,1
MIDRC-RICORD-1C-419639-000573-31324-0.png,1
MIDRC-RICORD-1C-419639-003334-51353-0.png,1
MIDRC-RICORD-1C-SITE2-000155-37671-0.png,1
MIDRC-RICORD-1C-SITE2-000178-89752-0.png,1
MIDRC-RICORD-1C-419639-002997-12964-0.png,1
MIDRC-RICORD-1C-419639-000785-60200-0.png,1
MIDRC-RICORD-1C-419639-003105-50900-0.png,1
MIDRC-RICORD-1C-419639-000025-50888-0.png,2
MIDRC-RICORD-1C-SITE2-000221-43774-0.png,1
MIDRC-RICORD-1C-419639-001464-39871-0.png,2
MIDRC-RICORD-1C-419639-002281-83348-0.png,1
MIDRC-RICORD-1C-419639-001015-81591-0.png,1
MIDRC-RICORD-1C-419639-001699-69345-0.png,1
MIDRC-RICORD-1C-419639-002871-45785-0.png,1
MIDRC-RICORD-1C-419639-003232-50592-0.png,2
MIDRC-RICORD-1C-419639-002724-03387-0.png,1
MIDRC-RICORD-1C-SITE2-000002-65816-0.png,3
MIDRC-RICORD-1C-SITE2-000162-64489-0.png,2
MIDRC-RICORD-1C-SITE2-000206-25871-0.png,1
MIDRC-RICORD-1C-SITE2-000034-76728-1.png,1
MIDRC-RICORD-1C-SITE2-000035-19513-0.png,1
MIDRC-RICORD-1C-SITE2-000203-08712-0.png,1
MIDRC-RICORD-1C-419639-001007-89903-0.png,1
MIDRC-RICORD-1C-419639-003102-68604-0.png,1
MIDRC-RICORD-1C-419639-001374-75990-0.png,1
MIDRC-RICORD-1C-419639-000025-90087-1.png,0
MIDRC-RICORD-1C-419639-000402-60433-0.png,1
MIDRC-RICORD-1C-SITE2-000108-12642-0.png,2
MIDRC-RICORD-1C-419639-003169-42019-0.png,1
MIDRC-RICORD-1C-SITE2-000210-51719-0.png,1
MIDRC-RICORD-1C-419639-001288-10277-0.png,1
MIDRC-RICORD-1C-419639-002601-92699-0.png,1
MIDRC-RICORD-1C-419639-003360-73998-0.png,2
MIDRC-RICORD-1C-419639-002768-13069-0.png,3
MIDRC-RICORD-1C-SITE2-000171-45676-0.png,1
MIDRC-RICORD-1C-419639-000538-40522-0.png,1
MIDRC-RICORD-1C-SITE2-000135-64564-1.png,1
MIDRC-RICORD-1C-419639-003116-57702-0.png,1
MIDRC-RICORD-1C-419639-002114-73757-0.png,1
MIDRC-RICORD-1C-419639-003187-73922-0.png,1
MIDRC-RICORD-1C-SITE2-000208-34584-0.png,2
MIDRC-RICORD-1C-440808-000019-8.433-0.png,1
MIDRC-RICORD-1C-SITE2-000159-61155-0.png,3
MIDRC-RICORD-1C-419639-000025-84235-0.png,2
MIDRC-RICORD-1C-419639-003199-43900-0.png,1
MIDRC-RICORD-1C-SITE2-000001-16794-0.png,1
MIDRC-RICORD-1C-419639-002889-42412-0.png,1
MIDRC-RICORD-1C-SITE2-000105-65881-0.png,1
MIDRC-RICORD-1C-SITE2-000188-54382-0.png,2
MIDRC-RICORD-1C-419639-001735-74702-0.png,2
MIDRC-RICORD-1C-419639-001505-21193-0.png,2
MIDRC-RICORD-1C-419639-001464-73170-0.png,2
MIDRC-RICORD-1C-SITE2-000066-97290-0.png,2
MIDRC-RICORD-1C-419639-001829-30276-0.png,2
MIDRC-RICORD-1C-419639-000082-79663-0.png,2
MIDRC-RICORD-1C-SITE2-000096-37358-0.png,3
MIDRC-RICORD-1C-419639-000025-90087-0.png,0
MIDRC-RICORD-1C-419639-003157-67493-0.png,1
MIDRC-RICORD-1C-419639-003099-52606-0.png,1
MIDRC-RICORD-1C-419639-001932-82193-0.png,2
MIDRC-RICORD-1C-419639-002528-57471-0.png,2
MIDRC-RICORD-1C-SITE2-000297-71173-1.png,3
MIDRC-RICORD-1C-SITE2-000028-53390-0.png,2
MIDRC-RICORD-1C-419639-003186-86346-0.png,1
MIDRC-RICORD-1C-419639-001464-39871-1.png,2
MIDRC-RICORD-1C-SITE2-000182-35476-0.png,1
MIDRC-RICORD-1C-SITE2-000272-41527-0.png,2
MIDRC-RICORD-1C-SITE2-000136-21646-0.png,1
MIDRC-RICORD-1C-440808-000009-08.98-0.png,1
MIDRC-RICORD-1C-SITE2-000154-41630-0.png,0
MIDRC-RICORD-1C-419639-003336-50845-0.png,2
MIDRC-RICORD-1C-419639-002401-32756-0.png,1
MIDRC-RICORD-1C-SITE2-000204-24409-0.png,3
MIDRC-RICORD-1C-SITE2-000116-25889-1.png,1
MIDRC-RICORD-1C-419639-001762-18334-0.png,1
MIDRC-RICORD-1C-SITE2-000029-97068-0.png,3
MIDRC-RICORD-1C-419639-000299-56159-0.png,1
MIDRC-RICORD-1C-419639-003251-46647-0.png,1
MIDRC-RICORD-1C-SITE2-000018-55212-0.png,2
MIDRC-RICORD-1C-SITE2-000120-98054-0.png,2
MIDRC-RICORD-1C-419639-000025-56207-0.png,2
MIDRC-RICORD-1C-SITE2-000131-16046-1.png,1
MIDRC-RICORD-1C-419639-000586-49647-0.png,1
MIDRC-RICORD-1C-SITE2-000072-79474-0.png,2
MIDRC-RICORD-1C-SITE2-000068-39061-0.png,2
MIDRC-RICORD-1C-419639-003024-14703-0.png,1
MIDRC-RICORD-1C-419639-002088-09388-0.png,1
MIDRC-RICORD-1C-419639-002309-84923-0.png,1
MIDRC-RICORD-1C-SITE2-000173-80432-1.png,0
MIDRC-RICORD-1C-SITE2-000220-78771-1.png,1
MIDRC-RICORD-1C-419639-001464-60601-0.png,2
MIDRC-RICORD-1C-SITE2-000127-30661-0.png,1
MIDRC-RICORD-1C-SITE2-000179-48742-0.png,1
MIDRC-RICORD-1C-419639-002733-79941-0.png,1
MIDRC-RICORD-1C-419639-000432-86017-0.png,1
MIDRC-RICORD-1C-419639-001782-15190-0.png,1
MIDRC-RICORD-1C-419639-003216-61144-0.png,1
MIDRC-RICORD-1C-419639-000235-89929-0.png,1
MIDRC-RICORD-1C-419639-003319-99931-0.png,2
MIDRC-RICORD-1C-SITE2-000003-00527-0.png,2
MIDRC-RICORD-1C-419639-000025-39552-1.png,2
MIDRC-RICORD-1C-419639-002050-25234-0.png,1
MIDRC-RICORD-1C-419639-002463-12463-0.png,1
MIDRC-RICORD-1C-419639-001903-65209-0.png,1
MIDRC-RICORD-1C-SITE2-000211-85940-0.png,2
MIDRC-RICORD-1C-SITE2-000099-22857-0.png,3
MIDRC-RICORD-1C-419639-001464-72163-0.png,2
MIDRC-RICORD-1C-419639-000025-81112-0.png,3
MIDRC-RICORD-1C-SITE2-000270-57009-0.png,3
MIDRC-RICORD-1C-419639-000025-17477-0.png,3
MIDRC-RICORD-1C-SITE2-000153-84142-0.png,3
MIDRC-RICORD-1C-SITE2-000048-66689-0.png,2
MIDRC-RICORD-1C-419639-001433-28259-0.png,1
MIDRC-RICORD-1C-SITE2-000106-15732-0.png,2
MIDRC-RICORD-1C-440808-000016-8.281-0.png,1
MIDRC-RICORD-1C-SITE2-000147-13199-0.png,1
MIDRC-RICORD-1C-419639-000002-10161-0.png,3
MIDRC-RICORD-1C-SITE2-000229-76177-0.png,1
MIDRC-RICORD-1C-419639-003371-97350-0.png,1
MIDRC-RICORD-1C-419639-002895-42704-0.png,1
MIDRC-RICORD-1C-419639-000025-39552-0.png,3
MIDRC-RICORD-1C-419639-001629-03737-0.png,1
MIDRC-RICORD-1C-SITE2-000124-65701-0.png,1
MIDRC-RICORD-1C-419639-002784-76664-0.png,1
MIDRC-RICORD-1C-419639-003365-72952-0.png,2
MIDRC-RICORD-1C-SITE2-000067-11643-0.png,2
MIDRC-RICORD-1C-SITE2-000181-63935-0.png,1
MIDRC-RICORD-1C-419639-000582-21506-0.png,1
MIDRC-RICORD-1C-419639-001070-42385-0.png,1
MIDRC-RICORD-1C-419639-003191-84953-0.png,1
MIDRC-RICORD-1C-SITE2-000185-39456-0.png,2
MIDRC-RICORD-1C-SITE2-000244-77429-0.png,2
MIDRC-RICORD-1C-SITE2-000015-91071-0.png,2
MIDRC-RICORD-1C-SITE2-000168-32448-0.png,1
MIDRC-RICORD-1C-SITE2-000202-80939-0.png,1
MIDRC-RICORD-1C-SITE2-000237-52517-0.png,1
MIDRC-RICORD-1C-SITE2-000094-94497-0.png,2
MIDRC-RICORD-1C-419639-003338-57135-0.png,1
MIDRC-RICORD-1C-SITE2-000230-35167-0.png,1
MIDRC-RICORD-1C-419639-002472-45590-0.png,1
MIDRC-RICORD-1C-SITE2-000238-25854-1.png,1
MIDRC-RICORD-1C-419639-001603-23454-0.png,1
MIDRC-RICORD-1C-419639-003257-00787-0.png,1
MIDRC-RICORD-1C-SITE2-000279-56879-0.png,2
MIDRC-RICORD-1C-SITE2-000176-81030-0.png,1
MIDRC-RICORD-1C-SITE2-000207-20956-0.png,1
MIDRC-RICORD-1C-419639-002374-98411-0.png,1
MIDRC-RICORD-1C-419639-000918-78965-0.png,1
MIDRC-RICORD-1C-SITE2-000045-76077-0.png,1
MIDRC-RICORD-1C-SITE2-000283-41971-0.png,3
MIDRC-RICORD-1C-419639-001571-15270-0.png,1
MIDRC-RICORD-1C-419639-001287-60951-0.png,1
MIDRC-RICORD-1C-419639-003203-21209-0.png,1
MIDRC-RICORD-1C-419639-003021-81745-0.png,1
MIDRC-RICORD-1C-SITE2-000014-81802-0.png,3
MIDRC-RICORD-1C-419639-001155-71955-0.png,2
MIDRC-RICORD-1C-419639-000025-04760-0.png,2
MIDRC-RICORD-1C-SITE2-000142-56843-0.png,1
MIDRC-RICORD-1C-SITE2-000149-71428-1.png,1
MIDRC-RICORD-1C-419639-001425-17331-0.png,1
MIDRC-RICORD-1C-SITE2-000239-21655-0.png,2
MIDRC-RICORD-1C-SITE2-000125-08616-1.png,2
MIDRC-RICORD-1C-SITE2-000098-66227-0.png,1
MIDRC-RICORD-1C-SITE2-000023-20254-0.png,2
MIDRC-RICORD-1C-419639-000025-89853-0.png,2
MIDRC-RICORD-1C-419639-001882-13628-0.png,1
MIDRC-RICORD-1C-SITE2-000115-40758-0.png,3
MIDRC-RICORD-1C-419639-002043-49668-0.png,1
MIDRC-RICORD-1C-419639-003380-99227-0.png,1
MIDRC-RICORD-1C-419639-001661-28330-1.png,1
MIDRC-RICORD-1C-SITE2-000170-25974-1.png,1
MIDRC-RICORD-1C-419639-002757-16718-0.png,1
MIDRC-RICORD-1C-419639-003080-09097-0.png,2
MIDRC-RICORD-1C-419639-001222-46073-0.png,1
MIDRC-RICORD-1C-SITE2-000058-42859-0.png,3
MIDRC-RICORD-1C-419639-001464-85049-0.png,2
MIDRC-RICORD-1C-SITE2-000141-46899-0.png,1
MIDRC-RICORD-1C-SITE2-000235-44451-0.png,3
MIDRC-RICORD-1C-419639-000086-21140-0.png,1
